Região,Ano,Variável,Classe,Valor,Percentual
Brasil,4º trimestre 2012,Pessoas de 14 anos ou mais de idade ocupadas na semana de referência,"Agricultura, pecuária, produção florestal, pesca e aquicultura","10099,0","11,1"
Brasil,4º trimestre 2012,Pessoas de 14 anos ou mais de idade ocupadas na semana de referência,Indústria geral,"13328,0","14,7"
Brasil,4º trimestre 2012,Pessoas de 14 anos ou mais de idade ocupadas na semana de referência,Construção,"7975,0","8,8"
Brasil,4º trimestre 2012,Pessoas de 14 anos ou mais de idade ocupadas na semana de referência,"Comércio, reparação de veículos automotores e motocicletas","17151,0","18,9"
Brasil,4º trimestre 2012,Pessoas de 14 anos ou mais de idade ocupadas na semana de referência,"Transporte, armazenagem e correio","4325,0","4,8"
Brasil,4º trimestre 2012,Pessoas de 14 anos ou mais de idade ocupadas na semana de referência,Alojamento e alimentação,"3919,0","4,3"
Brasil,4º trimestre 2012,Pessoas de 14 anos ou mais de idade ocupadas na semana de referência,"Informação, comunicação e atividades financeiras, imobiliárias, profissionais e administrativas","9658,0","10,7"
Brasil,4º trimestre 2012,Pessoas de 14 anos ou mais de idade ocupadas na semana de referência,"Administração pública, defesa, seguridade social, educação, saúde humana e serviços sociais","14257,0","15,7"
Brasil,4º trimestre 2013,Pessoas de 14 anos ou mais de idade ocupadas na semana de referência,"Agricultura, pecuária, produção florestal, pesca e aquicultura","10198,0","11,1"
Brasil,4º trimestre 2013,Pessoas de 14 anos ou mais de idade ocupadas na semana de referência,Indústria geral,"13119,0","14,2"
Brasil,4º trimestre 2013,Pessoas de 14 anos ou mais de idade ocupadas na semana de referência,Construção,"8295,0","9,0"
Brasil,4º trimestre 2013,Pessoas de 14 anos ou mais de idade ocupadas na semana de referência,"Comércio, reparação de veículos automotores e motocicletas","17781,0","19,3"
Brasil,4º trimestre 2013,Pessoas de 14 anos ou mais de idade ocupadas na semana de referência,"Transporte, armazenagem e correio","4256,0","4,6"
Brasil,4º trimestre 2013,Pessoas de 14 anos ou mais de idade ocupadas na semana de referência,Alojamento e alimentação,"4230,0","4,6"
Brasil,4º trimestre 2013,Pessoas de 14 anos ou mais de idade ocupadas na semana de referência,"Informação, comunicação e atividades financeiras, imobiliárias, profissionais e administrativas","9811,0","10,6"
Brasil,4º trimestre 2013,Pessoas de 14 anos ou mais de idade ocupadas na semana de referência,"Administração pública, defesa, seguridade social, educação, saúde humana e serviços sociais","14527,0","15,8"
Brasil,4º trimestre 2014,Pessoas de 14 anos ou mais de idade ocupadas na semana de referência,"Agricultura, pecuária, produção florestal, pesca e aquicultura","9246,0","9,9"
Brasil,4º trimestre 2014,Pessoas de 14 anos ou mais de idade ocupadas na semana de referência,Indústria geral,"13658,0","14,7"
Brasil,4º trimestre 2014,Pessoas de 14 anos ou mais de idade ocupadas na semana de referência,Construção,"7954,0","8,6"
Brasil,4º trimestre 2014,Pessoas de 14 anos ou mais de idade ocupadas na semana de referência,"Comércio, reparação de veículos automotores e motocicletas","17755,0","19,1"
Brasil,4º trimestre 2014,Pessoas de 14 anos ou mais de idade ocupadas na semana de referência,"Transporte, armazenagem e correio","4305,0","4,6"
Brasil,4º trimestre 2014,Pessoas de 14 anos ou mais de idade ocupadas na semana de referência,Alojamento e alimentação,"4326,0","4,7"
Brasil,4º trimestre 2014,Pessoas de 14 anos ou mais de idade ocupadas na semana de referência,"Informação, comunicação e atividades financeiras, imobiliárias, profissionais e administrativas","10605,0","11,4"
Brasil,4º trimestre 2014,Pessoas de 14 anos ou mais de idade ocupadas na semana de referência,"Administração pública, defesa, seguridade social, educação, saúde humana e serviços sociais","15061,0","16,2"
Brasil,4º trimestre 2015,Pessoas de 14 anos ou mais de idade ocupadas na semana de referência,"Agricultura, pecuária, produção florestal, pesca e aquicultura","9169,0","9,9"
Brasil,4º trimestre 2015,Pessoas de 14 anos ou mais de idade ocupadas na semana de referência,Indústria geral,"12581,0","13,6"
Brasil,4º trimestre 2015,Pessoas de 14 anos ou mais de idade ocupadas na semana de referência,Construção,"8098,0","8,8"
Brasil,4º trimestre 2015,Pessoas de 14 anos ou mais de idade ocupadas na semana de referência,"Comércio, reparação de veículos automotores e motocicletas","17936,0","19,4"
Brasil,4º trimestre 2015,Pessoas de 14 anos ou mais de idade ocupadas na semana de referência,"Transporte, armazenagem e correio","4539,0","4,9"
Brasil,4º trimestre 2015,Pessoas de 14 anos ou mais de idade ocupadas na semana de referência,Alojamento e alimentação,"4603,0","5,0"
Brasil,4º trimestre 2015,Pessoas de 14 anos ou mais de idade ocupadas na semana de referência,"Informação, comunicação e atividades financeiras, imobiliárias, profissionais e administrativas","9637,0","10,4"
Brasil,4º trimestre 2015,Pessoas de 14 anos ou mais de idade ocupadas na semana de referência,"Administração pública, defesa, seguridade social, educação, saúde humana e serviços sociais","15384,0","16,7"
Brasil,4º trimestre 2016,Pessoas de 14 anos ou mais de idade ocupadas na semana de referência,"Agricultura, pecuária, produção florestal, pesca e aquicultura","8764,0","9,7"
Brasil,4º trimestre 2016,Pessoas de 14 anos ou mais de idade ocupadas na semana de referência,Indústria geral,"11580,0","12,8"
Brasil,4º trimestre 2016,Pessoas de 14 anos ou mais de idade ocupadas na semana de referência,Construção,"7204,0","8,0"
Brasil,4º trimestre 2016,Pessoas de 14 anos ou mais de idade ocupadas na semana de referência,"Comércio, reparação de veículos automotores e motocicletas","17814,0","19,8"
Brasil,4º trimestre 2016,Pessoas de 14 anos ou mais de idade ocupadas na semana de referência,"Transporte, armazenagem e correio","4632,0","5,1"
Brasil,4º trimestre 2016,Pessoas de 14 anos ou mais de idade ocupadas na semana de referência,Alojamento e alimentação,"4843,0","5,4"
Brasil,4º trimestre 2016,Pessoas de 14 anos ou mais de idade ocupadas na semana de referência,"Informação, comunicação e atividades financeiras, imobiliárias, profissionais e administrativas","9789,0","10,9"
Brasil,4º trimestre 2016,Pessoas de 14 anos ou mais de idade ocupadas na semana de referência,"Administração pública, defesa, seguridade social, educação, saúde humana e serviços sociais","15222,0","16,9"
Brasil,4º trimestre 2017,Pessoas de 14 anos ou mais de idade ocupadas na semana de referência,"Agricultura, pecuária, produção florestal, pesca e aquicultura","8339,0","9,0"
Brasil,4º trimestre 2017,Pessoas de 14 anos ou mais de idade ocupadas na semana de referência,Indústria geral,"12136,0","13,2"
Brasil,4º trimestre 2017,Pessoas de 14 anos ou mais de idade ocupadas na semana de referência,Construção,"7105,0","7,7"
Brasil,4º trimestre 2017,Pessoas de 14 anos ou mais de idade ocupadas na semana de referência,"Comércio, reparação de veículos automotores e motocicletas","18078,0","19,6"
Brasil,4º trimestre 2017,Pessoas de 14 anos ou mais de idade ocupadas na semana de referência,"Transporte, armazenagem e correio","4592,0","5,0"
Brasil,4º trimestre 2017,Pessoas de 14 anos ou mais de idade ocupadas na semana de referência,Alojamento e alimentação,"5273,0","5,7"
Brasil,4º trimestre 2017,Pessoas de 14 anos ou mais de idade ocupadas na semana de referência,"Informação, comunicação e atividades financeiras, imobiliárias, profissionais e administrativas","10230,0","11,1"
Brasil,4º trimestre 2017,Pessoas de 14 anos ou mais de idade ocupadas na semana de referência,"Administração pública, defesa, seguridade social, educação, saúde humana e serviços sociais","15498,0","16,8"
Brasil,4º trimestre 2018,Pessoas de 14 anos ou mais de idade ocupadas na semana de referência,"Agricultura, pecuária, produção florestal, pesca e aquicultura","8355,0","8,9"
Brasil,4º trimestre 2018,Pessoas de 14 anos ou mais de idade ocupadas na semana de referência,Indústria geral,"12042,0","12,9"
Brasil,4º trimestre 2018,Pessoas de 14 anos ou mais de idade ocupadas na semana de referência,Construção,"6999,0","7,5"
Brasil,4º trimestre 2018,Pessoas de 14 anos ou mais de idade ocupadas na semana de referência,"Comércio, reparação de veículos automotores e motocicletas","18127,0","19,4"
Brasil,4º trimestre 2018,Pessoas de 14 anos ou mais de idade ocupadas na semana de referência,"Transporte, armazenagem e correio","4826,0","5,2"
Brasil,4º trimestre 2018,Pessoas de 14 anos ou mais de idade ocupadas na semana de referência,Alojamento e alimentação,"5442,0","5,8"
Brasil,4º trimestre 2018,Pessoas de 14 anos ou mais de idade ocupadas na semana de referência,"Informação, comunicação e atividades financeiras, imobiliárias, profissionais e administrativas","10514,0","11,2"
Brasil,4º trimestre 2018,Pessoas de 14 anos ou mais de idade ocupadas na semana de referência,"Administração pública, defesa, seguridade social, educação, saúde humana e serviços sociais","16100,0","17,2"
Brasil,4º trimestre 2019,Pessoas de 14 anos ou mais de idade ocupadas na semana de referência,"Agricultura, pecuária, produção florestal, pesca e aquicultura","8324,0","8,7"
Brasil,4º trimestre 2019,Pessoas de 14 anos ou mais de idade ocupadas na semana de referência,Indústria geral,"12477,0","13,1"
Brasil,4º trimestre 2019,Pessoas de 14 anos ou mais de idade ocupadas na semana de referência,Construção,"7006,0","7,3"
Brasil,4º trimestre 2019,Pessoas de 14 anos ou mais de idade ocupadas na semana de referência,"Comércio, reparação de veículos automotores e motocicletas","18422,0","19,3"
Brasil,4º trimestre 2019,Pessoas de 14 anos ou mais de idade ocupadas na semana de referência,"Transporte, armazenagem e correio","4986,0","5,2"
Brasil,4º trimestre 2019,Pessoas de 14 anos ou mais de idade ocupadas na semana de referência,Alojamento e alimentação,"5753,0","6,0"
Brasil,4º trimestre 2019,Pessoas de 14 anos ou mais de idade ocupadas na semana de referência,"Informação, comunicação e atividades financeiras, imobiliárias, profissionais e administrativas","10749,0","11,3"
Brasil,4º trimestre 2019,Pessoas de 14 anos ou mais de idade ocupadas na semana de referência,"Administração pública, defesa, seguridade social, educação, saúde humana e serviços sociais","16311,0","17,1"
Brasil,4º trimestre 2020,Pessoas de 14 anos ou mais de idade ocupadas na semana de referência,"Agricultura, pecuária, produção florestal, pesca e aquicultura","8500,0","9,7"
Brasil,4º trimestre 2020,Pessoas de 14 anos ou mais de idade ocupadas na semana de referência,Indústria geral,"11374,0","13,0"
Brasil,4º trimestre 2020,Pessoas de 14 anos ou mais de idade ocupadas na semana de referência,Construção,"6357,0","7,3"
Brasil,4º trimestre 2020,Pessoas de 14 anos ou mais de idade ocupadas na semana de referência,"Comércio, reparação de veículos automotores e motocicletas","16525,0","18,9"
Brasil,4º trimestre 2020,Pessoas de 14 anos ou mais de idade ocupadas na semana de referência,"Transporte, armazenagem e correio","4411,0","5,1"
Brasil,4º trimestre 2020,Pessoas de 14 anos ou mais de idade ocupadas na semana de referência,Alojamento e alimentação,"4167,0","4,8"
Brasil,4º trimestre 2020,Pessoas de 14 anos ou mais de idade ocupadas na semana de referência,"Informação, comunicação e atividades financeiras, imobiliárias, profissionais e administrativas","10669,0","12,2"
Brasil,4º trimestre 2020,Pessoas de 14 anos ou mais de idade ocupadas na semana de referência,"Administração pública, defesa, seguridade social, educação, saúde humana e serviços sociais","16173,0","18,5"
Brasil,4º trimestre 2021,Pessoas de 14 anos ou mais de idade ocupadas na semana de referência,"Agricultura, pecuária, produção florestal, pesca e aquicultura","8881,0","9,3"
Brasil,4º trimestre 2021,Pessoas de 14 anos ou mais de idade ocupadas na semana de referência,Indústria geral,"12412,0","13,0"
Brasil,4º trimestre 2021,Pessoas de 14 anos ou mais de idade ocupadas na semana de referência,Construção,"7465,0","7,8"
Brasil,4º trimestre 2021,Pessoas de 14 anos ou mais de idade ocupadas na semana de referência,"Comércio, reparação de veículos automotores e motocicletas","18444,0","19,3"
Brasil,4º trimestre 2021,Pessoas de 14 anos ou mais de idade ocupadas na semana de referência,"Transporte, armazenagem e correio","4853,0","5,1"
Brasil,4º trimestre 2021,Pessoas de 14 anos ou mais de idade ocupadas na semana de referência,Alojamento e alimentação,"5161,0","5,4"
Brasil,4º trimestre 2021,Pessoas de 14 anos ou mais de idade ocupadas na semana de referência,"Informação, comunicação e atividades financeiras, imobiliárias, profissionais e administrativas","11437,0","11,9"
Brasil,4º trimestre 2021,Pessoas de 14 anos ou mais de idade ocupadas na semana de referência,"Administração pública, defesa, seguridade social, educação, saúde humana e serviços sociais","16387,0","17,1"
Brasil,4º trimestre 2022,Pessoas de 14 anos ou mais de idade ocupadas na semana de referência,"Agricultura, pecuária, produção florestal, pesca e aquicultura","8488,0","8,5"
Brasil,4º trimestre 2022,Pessoas de 14 anos ou mais de idade ocupadas na semana de referência,Indústria geral,"12828,0","12,9"
Brasil,4º trimestre 2022,Pessoas de 14 anos ou mais de idade ocupadas na semana de referência,Construção,"7368,0","7,4"
Brasil,4º trimestre 2022,Pessoas de 14 anos ou mais de idade ocupadas na semana de referência,"Comércio, reparação de veículos automotores e motocicletas","19186,0","19,3"
Brasil,4º trimestre 2022,Pessoas de 14 anos ou mais de idade ocupadas na semana de referência,"Transporte, armazenagem e correio","5338,0","5,4"
Brasil,4º trimestre 2022,Pessoas de 14 anos ou mais de idade ocupadas na semana de referência,Alojamento e alimentação,"5341,0","5,4"
Brasil,4º trimestre 2022,Pessoas de 14 anos ou mais de idade ocupadas na semana de referência,"Informação, comunicação e atividades financeiras, imobiliárias, profissionais e administrativas","11934,0","12,0"
Brasil,4º trimestre 2022,Pessoas de 14 anos ou mais de idade ocupadas na semana de referência,"Administração pública, defesa, seguridade social, educação, saúde humana e serviços sociais","17586,0","17,7"
Nordeste,4º trimestre 2012,Pessoas de 14 anos ou mais de idade ocupadas na semana de referência,"Agricultura, pecuária, produção florestal, pesca e aquicultura","3855,0","17,8"
Nordeste,4º trimestre 2012,Pessoas de 14 anos ou mais de idade ocupadas na semana de referência,Indústria geral,"2284,0","10,5"
Nordeste,4º trimestre 2012,Pessoas de 14 anos ou mais de idade ocupadas na semana de referência,Construção,"2070,0","9,5"
Nordeste,4º trimestre 2012,Pessoas de 14 anos ou mais de idade ocupadas na semana de referência,"Comércio, reparação de veículos automotores e motocicletas","4309,0","19,9"
Nordeste,4º trimestre 2012,Pessoas de 14 anos ou mais de idade ocupadas na semana de referência,"Transporte, armazenagem e correio","904,0","4,2"
Nordeste,4º trimestre 2012,Pessoas de 14 anos ou mais de idade ocupadas na semana de referência,Alojamento e alimentação,"938,0","4,3"
Nordeste,4º trimestre 2012,Pessoas de 14 anos ou mais de idade ocupadas na semana de referência,"Informação, comunicação e atividades financeiras, imobiliárias, profissionais e administrativas","1493,0","6,9"
Nordeste,4º trimestre 2012,Pessoas de 14 anos ou mais de idade ocupadas na semana de referência,"Administração pública, defesa, seguridade social, educação, saúde humana e serviços sociais","3480,0","16,0"
Nordeste,4º trimestre 2013,Pessoas de 14 anos ou mais de idade ocupadas na semana de referência,"Agricultura, pecuária, produção florestal, pesca e aquicultura","4078,0","18,2"
Nordeste,4º trimestre 2013,Pessoas de 14 anos ou mais de idade ocupadas na semana de referência,Indústria geral,"2188,0","9,8"
Nordeste,4º trimestre 2013,Pessoas de 14 anos ou mais de idade ocupadas na semana de referência,Construção,"2137,0","9,5"
Nordeste,4º trimestre 2013,Pessoas de 14 anos ou mais de idade ocupadas na semana de referência,"Comércio, reparação de veículos automotores e motocicletas","4560,0","20,3"
Nordeste,4º trimestre 2013,Pessoas de 14 anos ou mais de idade ocupadas na semana de referência,"Transporte, armazenagem e correio","846,0","3,8"
Nordeste,4º trimestre 2013,Pessoas de 14 anos ou mais de idade ocupadas na semana de referência,Alojamento e alimentação,"1084,0","4,8"
Nordeste,4º trimestre 2013,Pessoas de 14 anos ou mais de idade ocupadas na semana de referência,"Informação, comunicação e atividades financeiras, imobiliárias, profissionais e administrativas","1577,0","7,0"
Nordeste,4º trimestre 2013,Pessoas de 14 anos ou mais de idade ocupadas na semana de referência,"Administração pública, defesa, seguridade social, educação, saúde humana e serviços sociais","3590,0","16,0"
Nordeste,4º trimestre 2014,Pessoas de 14 anos ou mais de idade ocupadas na semana de referência,"Agricultura, pecuária, produção florestal, pesca e aquicultura","3677,0","16,2"
Nordeste,4º trimestre 2014,Pessoas de 14 anos ou mais de idade ocupadas na semana de referência,Indústria geral,"2326,0","10,2"
Nordeste,4º trimestre 2014,Pessoas de 14 anos ou mais de idade ocupadas na semana de referência,Construção,"2101,0","9,3"
Nordeste,4º trimestre 2014,Pessoas de 14 anos ou mais de idade ocupadas na semana de referência,"Comércio, reparação de veículos automotores e motocicletas","4634,0","20,4"
Nordeste,4º trimestre 2014,Pessoas de 14 anos ou mais de idade ocupadas na semana de referência,"Transporte, armazenagem e correio","922,0","4,1"
Nordeste,4º trimestre 2014,Pessoas de 14 anos ou mais de idade ocupadas na semana de referência,Alojamento e alimentação,"1094,0","4,8"
Nordeste,4º trimestre 2014,Pessoas de 14 anos ou mais de idade ocupadas na semana de referência,"Informação, comunicação e atividades financeiras, imobiliárias, profissionais e administrativas","1767,0","7,8"
Nordeste,4º trimestre 2014,Pessoas de 14 anos ou mais de idade ocupadas na semana de referência,"Administração pública, defesa, seguridade social, educação, saúde humana e serviços sociais","3752,0","16,5"
Nordeste,4º trimestre 2015,Pessoas de 14 anos ou mais de idade ocupadas na semana de referência,"Agricultura, pecuária, produção florestal, pesca e aquicultura","3444,0","15,4"
Nordeste,4º trimestre 2015,Pessoas de 14 anos ou mais de idade ocupadas na semana de referência,Indústria geral,"2114,0","9,5"
Nordeste,4º trimestre 2015,Pessoas de 14 anos ou mais de idade ocupadas na semana de referência,Construção,"2084,0","9,3"
Nordeste,4º trimestre 2015,Pessoas de 14 anos ou mais de idade ocupadas na semana de referência,"Comércio, reparação de veículos automotores e motocicletas","4657,0","20,9"
Nordeste,4º trimestre 2015,Pessoas de 14 anos ou mais de idade ocupadas na semana de referência,"Transporte, armazenagem e correio","945,0","4,2"
Nordeste,4º trimestre 2015,Pessoas de 14 anos ou mais de idade ocupadas na semana de referência,Alojamento e alimentação,"1183,0","5,3"
Nordeste,4º trimestre 2015,Pessoas de 14 anos ou mais de idade ocupadas na semana de referência,"Informação, comunicação e atividades financeiras, imobiliárias, profissionais e administrativas","1607,0","7,2"
Nordeste,4º trimestre 2015,Pessoas de 14 anos ou mais de idade ocupadas na semana de referência,"Administração pública, defesa, seguridade social, educação, saúde humana e serviços sociais","3807,0","17,1"
Nordeste,4º trimestre 2016,Pessoas de 14 anos ou mais de idade ocupadas na semana de referência,"Agricultura, pecuária, produção florestal, pesca e aquicultura","3082,0","14,7"
Nordeste,4º trimestre 2016,Pessoas de 14 anos ou mais de idade ocupadas na semana de referência,Indústria geral,"2007,0","9,5"
Nordeste,4º trimestre 2016,Pessoas de 14 anos ou mais de idade ocupadas na semana de referência,Construção,"1811,0","8,6"
Nordeste,4º trimestre 2016,Pessoas de 14 anos ou mais de idade ocupadas na semana de referência,"Comércio, reparação de veículos automotores e motocicletas","4519,0","21,5"
Nordeste,4º trimestre 2016,Pessoas de 14 anos ou mais de idade ocupadas na semana de referência,"Transporte, armazenagem e correio","904,0","4,3"
Nordeste,4º trimestre 2016,Pessoas de 14 anos ou mais de idade ocupadas na semana de referência,Alojamento e alimentação,"1184,0","5,6"
Nordeste,4º trimestre 2016,Pessoas de 14 anos ou mais de idade ocupadas na semana de referência,"Informação, comunicação e atividades financeiras, imobiliárias, profissionais e administrativas","1579,0","7,5"
Nordeste,4º trimestre 2016,Pessoas de 14 anos ou mais de idade ocupadas na semana de referência,"Administração pública, defesa, seguridade social, educação, saúde humana e serviços sociais","3561,0","16,9"
Nordeste,4º trimestre 2017,Pessoas de 14 anos ou mais de idade ocupadas na semana de referência,"Agricultura, pecuária, produção florestal, pesca e aquicultura","2775,0","13,0"
Nordeste,4º trimestre 2017,Pessoas de 14 anos ou mais de idade ocupadas na semana de referência,Indústria geral,"2015,0","9,4"
Nordeste,4º trimestre 2017,Pessoas de 14 anos ou mais de idade ocupadas na semana de referência,Construção,"1732,0","8,1"
Nordeste,4º trimestre 2017,Pessoas de 14 anos ou mais de idade ocupadas na semana de referência,"Comércio, reparação de veículos automotores e motocicletas","4563,0","21,4"
Nordeste,4º trimestre 2017,Pessoas de 14 anos ou mais de idade ocupadas na semana de referência,"Transporte, armazenagem e correio","945,0","4,4"
Nordeste,4º trimestre 2017,Pessoas de 14 anos ou mais de idade ocupadas na semana de referência,Alojamento e alimentação,"1270,0","5,9"
Nordeste,4º trimestre 2017,Pessoas de 14 anos ou mais de idade ocupadas na semana de referência,"Informação, comunicação e atividades financeiras, imobiliárias, profissionais e administrativas","1641,0","7,7"
Nordeste,4º trimestre 2017,Pessoas de 14 anos ou mais de idade ocupadas na semana de referência,"Administração pública, defesa, seguridade social, educação, saúde humana e serviços sociais","3864,0","18,1"
Nordeste,4º trimestre 2018,Pessoas de 14 anos ou mais de idade ocupadas na semana de referência,"Agricultura, pecuária, produção florestal, pesca e aquicultura","2652,0","12,4"
Nordeste,4º trimestre 2018,Pessoas de 14 anos ou mais de idade ocupadas na semana de referência,Indústria geral,"2000,0","9,3"
Nordeste,4º trimestre 2018,Pessoas de 14 anos ou mais de idade ocupadas na semana de referência,Construção,"1676,0","7,8"
Nordeste,4º trimestre 2018,Pessoas de 14 anos ou mais de idade ocupadas na semana de referência,"Comércio, reparação de veículos automotores e motocicletas","4597,0","21,5"
Nordeste,4º trimestre 2018,Pessoas de 14 anos ou mais de idade ocupadas na semana de referência,"Transporte, armazenagem e correio","1003,0","4,7"
Nordeste,4º trimestre 2018,Pessoas de 14 anos ou mais de idade ocupadas na semana de referência,Alojamento e alimentação,"1328,0","6,2"
Nordeste,4º trimestre 2018,Pessoas de 14 anos ou mais de idade ocupadas na semana de referência,"Informação, comunicação e atividades financeiras, imobiliárias, profissionais e administrativas","1689,0","7,9"
Nordeste,4º trimestre 2018,Pessoas de 14 anos ou mais de idade ocupadas na semana de referência,"Administração pública, defesa, seguridade social, educação, saúde humana e serviços sociais","3937,0","18,4"
Nordeste,4º trimestre 2019,Pessoas de 14 anos ou mais de idade ocupadas na semana de referência,"Agricultura, pecuária, produção florestal, pesca e aquicultura","2699,0","12,4"
Nordeste,4º trimestre 2019,Pessoas de 14 anos ou mais de idade ocupadas na semana de referência,Indústria geral,"2084,0","9,6"
Nordeste,4º trimestre 2019,Pessoas de 14 anos ou mais de idade ocupadas na semana de referência,Construção,"1667,0","7,7"
Nordeste,4º trimestre 2019,Pessoas de 14 anos ou mais de idade ocupadas na semana de referência,"Comércio, reparação de veículos automotores e motocicletas","4565,0","21,0"
Nordeste,4º trimestre 2019,Pessoas de 14 anos ou mais de idade ocupadas na semana de referência,"Transporte, armazenagem e correio","1001,0","4,6"
Nordeste,4º trimestre 2019,Pessoas de 14 anos ou mais de idade ocupadas na semana de referência,Alojamento e alimentação,"1387,0","6,4"
Nordeste,4º trimestre 2019,Pessoas de 14 anos ou mais de idade ocupadas na semana de referência,"Informação, comunicação e atividades financeiras, imobiliárias, profissionais e administrativas","1728,0","7,9"
Nordeste,4º trimestre 2019,Pessoas de 14 anos ou mais de idade ocupadas na semana de referência,"Administração pública, defesa, seguridade social, educação, saúde humana e serviços sociais","3987,0","18,3"
Nordeste,4º trimestre 2020,Pessoas de 14 anos ou mais de idade ocupadas na semana de referência,"Agricultura, pecuária, produção florestal, pesca e aquicultura","2605,0","13,3"
Nordeste,4º trimestre 2020,Pessoas de 14 anos ou mais de idade ocupadas na semana de referência,Indústria geral,"1838,0","9,4"
Nordeste,4º trimestre 2020,Pessoas de 14 anos ou mais de idade ocupadas na semana de referência,Construção,"1574,0","8,0"
Nordeste,4º trimestre 2020,Pessoas de 14 anos ou mais de idade ocupadas na semana de referência,"Comércio, reparação de veículos automotores e motocicletas","4028,0","20,5"
Nordeste,4º trimestre 2020,Pessoas de 14 anos ou mais de idade ocupadas na semana de referência,"Transporte, armazenagem e correio","878,0","4,5"
Nordeste,4º trimestre 2020,Pessoas de 14 anos ou mais de idade ocupadas na semana de referência,Alojamento e alimentação,"1087,0","5,5"
Nordeste,4º trimestre 2020,Pessoas de 14 anos ou mais de idade ocupadas na semana de referência,"Informação, comunicação e atividades financeiras, imobiliárias, profissionais e administrativas","1647,0","8,4"
Nordeste,4º trimestre 2020,Pessoas de 14 anos ou mais de idade ocupadas na semana de referência,"Administração pública, defesa, seguridade social, educação, saúde humana e serviços sociais","3812,0","19,4"
Nordeste,4º trimestre 2021,Pessoas de 14 anos ou mais de idade ocupadas na semana de referência,"Agricultura, pecuária, produção florestal, pesca e aquicultura","2956,0","13,8"
Nordeste,4º trimestre 2021,Pessoas de 14 anos ou mais de idade ocupadas na semana de referência,Indústria geral,"1981,0","9,2"
Nordeste,4º trimestre 2021,Pessoas de 14 anos ou mais de idade ocupadas na semana de referência,Construção,"1767,0","8,2"
Nordeste,4º trimestre 2021,Pessoas de 14 anos ou mais de idade ocupadas na semana de referência,"Comércio, reparação de veículos automotores e motocicletas","4468,0","20,8"
Nordeste,4º trimestre 2021,Pessoas de 14 anos ou mais de idade ocupadas na semana de referência,"Transporte, armazenagem e correio","901,0","4,2"
Nordeste,4º trimestre 2021,Pessoas de 14 anos ou mais de idade ocupadas na semana de referência,Alojamento e alimentação,"1353,0","6,3"
Nordeste,4º trimestre 2021,Pessoas de 14 anos ou mais de idade ocupadas na semana de referência,"Informação, comunicação e atividades financeiras, imobiliárias, profissionais e administrativas","1790,0","8,3"
Nordeste,4º trimestre 2021,Pessoas de 14 anos ou mais de idade ocupadas na semana de referência,"Administração pública, defesa, seguridade social, educação, saúde humana e serviços sociais","3860,0","18,0"
Nordeste,4º trimestre 2022,Pessoas de 14 anos ou mais de idade ocupadas na semana de referência,"Agricultura, pecuária, produção florestal, pesca e aquicultura","2790,0","12,4"
Nordeste,4º trimestre 2022,Pessoas de 14 anos ou mais de idade ocupadas na semana de referência,Indústria geral,"2092,0","9,3"
Nordeste,4º trimestre 2022,Pessoas de 14 anos ou mais de idade ocupadas na semana de referência,Construção,"1771,0","7,9"
Nordeste,4º trimestre 2022,Pessoas de 14 anos ou mais de idade ocupadas na semana de referência,"Comércio, reparação de veículos automotores e motocicletas","4671,0","20,8"
Nordeste,4º trimestre 2022,Pessoas de 14 anos ou mais de idade ocupadas na semana de referência,"Transporte, armazenagem e correio","969,0","4,3"
Nordeste,4º trimestre 2022,Pessoas de 14 anos ou mais de idade ocupadas na semana de referência,Alojamento e alimentação,"1308,0","5,8"
Nordeste,4º trimestre 2022,Pessoas de 14 anos ou mais de idade ocupadas na semana de referência,"Informação, comunicação e atividades financeiras, imobiliárias, profissionais e administrativas","1914,0","8,5"
Nordeste,4º trimestre 2022,Pessoas de 14 anos ou mais de idade ocupadas na semana de referência,"Administração pública, defesa, seguridade social, educação, saúde humana e serviços sociais","4372,0","19,4"
Sergipe,4º trimestre 2012,Pessoas de 14 anos ou mais de idade ocupadas na semana de referência,"Agricultura, pecuária, produção florestal, pesca e aquicultura","153,0","16,6"
Sergipe,4º trimestre 2012,Pessoas de 14 anos ou mais de idade ocupadas na semana de referência,Indústria geral,"109,0","11,8"
Sergipe,4º trimestre 2012,Pessoas de 14 anos ou mais de idade ocupadas na semana de referência,Construção,"90,0","9,7"
Sergipe,4º trimestre 2012,Pessoas de 14 anos ou mais de idade ocupadas na semana de referência,"Comércio, reparação de veículos automotores e motocicletas","175,0","18,9"
Sergipe,4º trimestre 2012,Pessoas de 14 anos ou mais de idade ocupadas na semana de referência,"Transporte, armazenagem e correio","41,0","4,5"
Sergipe,4º trimestre 2012,Pessoas de 14 anos ou mais de idade ocupadas na semana de referência,Alojamento e alimentação,"41,0","4,4"
Sergipe,4º trimestre 2012,Pessoas de 14 anos ou mais de idade ocupadas na semana de referência,"Informação, comunicação e atividades financeiras, imobiliárias, profissionais e administrativas","69,0","7,5"
Sergipe,4º trimestre 2012,Pessoas de 14 anos ou mais de idade ocupadas na semana de referência,"Administração pública, defesa, seguridade social, educação, saúde humana e serviços sociais","149,0","16,1"
Sergipe,4º trimestre 2013,Pessoas de 14 anos ou mais de idade ocupadas na semana de referência,"Agricultura, pecuária, produção florestal, pesca e aquicultura","152,0","16,6"
Sergipe,4º trimestre 2013,Pessoas de 14 anos ou mais de idade ocupadas na semana de referência,Indústria geral,"97,0","10,6"
Sergipe,4º trimestre 2013,Pessoas de 14 anos ou mais de idade ocupadas na semana de referência,Construção,"79,0","8,7"
Sergipe,4º trimestre 2013,Pessoas de 14 anos ou mais de idade ocupadas na semana de referência,"Comércio, reparação de veículos automotores e motocicletas","185,0","20,3"
Sergipe,4º trimestre 2013,Pessoas de 14 anos ou mais de idade ocupadas na semana de referência,"Transporte, armazenagem e correio","44,0","4,8"
Sergipe,4º trimestre 2013,Pessoas de 14 anos ou mais de idade ocupadas na semana de referência,Alojamento e alimentação,"33,0","3,6"
Sergipe,4º trimestre 2013,Pessoas de 14 anos ou mais de idade ocupadas na semana de referência,"Informação, comunicação e atividades financeiras, imobiliárias, profissionais e administrativas","71,0","7,8"
Sergipe,4º trimestre 2013,Pessoas de 14 anos ou mais de idade ocupadas na semana de referência,"Administração pública, defesa, seguridade social, educação, saúde humana e serviços sociais","156,0","17,1"
Sergipe,4º trimestre 2014,Pessoas de 14 anos ou mais de idade ocupadas na semana de referência,"Agricultura, pecuária, produção florestal, pesca e aquicultura","158,0","16,8"
Sergipe,4º trimestre 2014,Pessoas de 14 anos ou mais de idade ocupadas na semana de referência,Indústria geral,"99,0","10,5"
Sergipe,4º trimestre 2014,Pessoas de 14 anos ou mais de idade ocupadas na semana de referência,Construção,"75,0","7,9"
Sergipe,4º trimestre 2014,Pessoas de 14 anos ou mais de idade ocupadas na semana de referência,"Comércio, reparação de veículos automotores e motocicletas","190,0","20,2"
Sergipe,4º trimestre 2014,Pessoas de 14 anos ou mais de idade ocupadas na semana de referência,"Transporte, armazenagem e correio","45,0","4,8"
Sergipe,4º trimestre 2014,Pessoas de 14 anos ou mais de idade ocupadas na semana de referência,Alojamento e alimentação,"41,0","4,3"
Sergipe,4º trimestre 2014,Pessoas de 14 anos ou mais de idade ocupadas na semana de referência,"Informação, comunicação e atividades financeiras, imobiliárias, profissionais e administrativas","83,0","8,8"
Sergipe,4º trimestre 2014,Pessoas de 14 anos ou mais de idade ocupadas na semana de referência,"Administração pública, defesa, seguridade social, educação, saúde humana e serviços sociais","163,0","17,4"
Sergipe,4º trimestre 2015,Pessoas de 14 anos ou mais de idade ocupadas na semana de referência,"Agricultura, pecuária, produção florestal, pesca e aquicultura","163,0","17,9"
Sergipe,4º trimestre 2015,Pessoas de 14 anos ou mais de idade ocupadas na semana de referência,Indústria geral,"88,0","9,7"
Sergipe,4º trimestre 2015,Pessoas de 14 anos ou mais de idade ocupadas na semana de referência,Construção,"81,0","8,9"
Sergipe,4º trimestre 2015,Pessoas de 14 anos ou mais de idade ocupadas na semana de referência,"Comércio, reparação de veículos automotores e motocicletas","187,0","20,6"
Sergipe,4º trimestre 2015,Pessoas de 14 anos ou mais de idade ocupadas na semana de referência,"Transporte, armazenagem e correio","41,0","4,5"
Sergipe,4º trimestre 2015,Pessoas de 14 anos ou mais de idade ocupadas na semana de referência,Alojamento e alimentação,"37,0","4,1"
Sergipe,4º trimestre 2015,Pessoas de 14 anos ou mais de idade ocupadas na semana de referência,"Informação, comunicação e atividades financeiras, imobiliárias, profissionais e administrativas","63,0","6,9"
Sergipe,4º trimestre 2015,Pessoas de 14 anos ou mais de idade ocupadas na semana de referência,"Administração pública, defesa, seguridade social, educação, saúde humana e serviços sociais","156,0","17,2"
Sergipe,4º trimestre 2016,Pessoas de 14 anos ou mais de idade ocupadas na semana de referência,"Agricultura, pecuária, produção florestal, pesca e aquicultura","146,0","16,8"
Sergipe,4º trimestre 2016,Pessoas de 14 anos ou mais de idade ocupadas na semana de referência,Indústria geral,"75,0","8,6"
Sergipe,4º trimestre 2016,Pessoas de 14 anos ou mais de idade ocupadas na semana de referência,Construção,"69,0","8,0"
Sergipe,4º trimestre 2016,Pessoas de 14 anos ou mais de idade ocupadas na semana de referência,"Comércio, reparação de veículos automotores e motocicletas","185,0","21,3"
Sergipe,4º trimestre 2016,Pessoas de 14 anos ou mais de idade ocupadas na semana de referência,"Transporte, armazenagem e correio","39,0","4,4"
Sergipe,4º trimestre 2016,Pessoas de 14 anos ou mais de idade ocupadas na semana de referência,Alojamento e alimentação,"46,0","5,3"
Sergipe,4º trimestre 2016,Pessoas de 14 anos ou mais de idade ocupadas na semana de referência,"Informação, comunicação e atividades financeiras, imobiliárias, profissionais e administrativas","66,0","7,6"
Sergipe,4º trimestre 2016,Pessoas de 14 anos ou mais de idade ocupadas na semana de referência,"Administração pública, defesa, seguridade social, educação, saúde humana e serviços sociais","155,0","17,8"
Sergipe,4º trimestre 2017,Pessoas de 14 anos ou mais de idade ocupadas na semana de referência,"Agricultura, pecuária, produção florestal, pesca e aquicultura","138,0","15,3"
Sergipe,4º trimestre 2017,Pessoas de 14 anos ou mais de idade ocupadas na semana de referência,Indústria geral,"80,0","8,9"
Sergipe,4º trimestre 2017,Pessoas de 14 anos ou mais de idade ocupadas na semana de referência,Construção,"70,0","7,8"
Sergipe,4º trimestre 2017,Pessoas de 14 anos ou mais de idade ocupadas na semana de referência,"Comércio, reparação de veículos automotores e motocicletas","193,0","21,3"
Sergipe,4º trimestre 2017,Pessoas de 14 anos ou mais de idade ocupadas na semana de referência,"Transporte, armazenagem e correio","39,0","4,3"
Sergipe,4º trimestre 2017,Pessoas de 14 anos ou mais de idade ocupadas na semana de referência,Alojamento e alimentação,"45,0","5,0"
Sergipe,4º trimestre 2017,Pessoas de 14 anos ou mais de idade ocupadas na semana de referência,"Informação, comunicação e atividades financeiras, imobiliárias, profissionais e administrativas","77,0","8,6"
Sergipe,4º trimestre 2017,Pessoas de 14 anos ou mais de idade ocupadas na semana de referência,"Administração pública, defesa, seguridade social, educação, saúde humana e serviços sociais","153,0","16,9"
Sergipe,4º trimestre 2018,Pessoas de 14 anos ou mais de idade ocupadas na semana de referência,"Agricultura, pecuária, produção florestal, pesca e aquicultura","119,0","13,2"
Sergipe,4º trimestre 2018,Pessoas de 14 anos ou mais de idade ocupadas na semana de referência,Indústria geral,"88,0","9,8"
Sergipe,4º trimestre 2018,Pessoas de 14 anos ou mais de idade ocupadas na semana de referência,Construção,"65,0","7,2"
Sergipe,4º trimestre 2018,Pessoas de 14 anos ou mais de idade ocupadas na semana de referência,"Comércio, reparação de veículos automotores e motocicletas","190,0","21,0"
Sergipe,4º trimestre 2018,Pessoas de 14 anos ou mais de idade ocupadas na semana de referência,"Transporte, armazenagem e correio","48,0","5,4"
Sergipe,4º trimestre 2018,Pessoas de 14 anos ou mais de idade ocupadas na semana de referência,Alojamento e alimentação,"45,0","5,0"
Sergipe,4º trimestre 2018,Pessoas de 14 anos ou mais de idade ocupadas na semana de referência,"Informação, comunicação e atividades financeiras, imobiliárias, profissionais e administrativas","82,0","9,0"
Sergipe,4º trimestre 2018,Pessoas de 14 anos ou mais de idade ocupadas na semana de referência,"Administração pública, defesa, seguridade social, educação, saúde humana e serviços sociais","158,0","17,4"
Sergipe,4º trimestre 2019,Pessoas de 14 anos ou mais de idade ocupadas na semana de referência,"Agricultura, pecuária, produção florestal, pesca e aquicultura","128,0","13,4"
Sergipe,4º trimestre 2019,Pessoas de 14 anos ou mais de idade ocupadas na semana de referência,Indústria geral,"83,0","8,7"
Sergipe,4º trimestre 2019,Pessoas de 14 anos ou mais de idade ocupadas na semana de referência,Construção,"76,0","7,9"
Sergipe,4º trimestre 2019,Pessoas de 14 anos ou mais de idade ocupadas na semana de referência,"Comércio, reparação de veículos automotores e motocicletas","190,0","19,9"
Sergipe,4º trimestre 2019,Pessoas de 14 anos ou mais de idade ocupadas na semana de referência,"Transporte, armazenagem e correio","46,0","4,8"
Sergipe,4º trimestre 2019,Pessoas de 14 anos ou mais de idade ocupadas na semana de referência,Alojamento e alimentação,"52,0","5,5"
Sergipe,4º trimestre 2019,Pessoas de 14 anos ou mais de idade ocupadas na semana de referência,"Informação, comunicação e atividades financeiras, imobiliárias, profissionais e administrativas","94,0","9,8"
Sergipe,4º trimestre 2019,Pessoas de 14 anos ou mais de idade ocupadas na semana de referência,"Administração pública, defesa, seguridade social, educação, saúde humana e serviços sociais","171,0","17,9"
Sergipe,4º trimestre 2020,Pessoas de 14 anos ou mais de idade ocupadas na semana de referência,"Agricultura, pecuária, produção florestal, pesca e aquicultura","140,0","16,3"
Sergipe,4º trimestre 2020,Pessoas de 14 anos ou mais de idade ocupadas na semana de referência,Indústria geral,"74,0","8,5"
Sergipe,4º trimestre 2020,Pessoas de 14 anos ou mais de idade ocupadas na semana de referência,Construção,"58,0","6,7"
Sergipe,4º trimestre 2020,Pessoas de 14 anos ou mais de idade ocupadas na semana de referência,"Comércio, reparação de veículos automotores e motocicletas","160,0","18,5"
Sergipe,4º trimestre 2020,Pessoas de 14 anos ou mais de idade ocupadas na semana de referência,"Transporte, armazenagem e correio","38,0","4,4"
Sergipe,4º trimestre 2020,Pessoas de 14 anos ou mais de idade ocupadas na semana de referência,Alojamento e alimentação,"46,0","5,4"
Sergipe,4º trimestre 2020,Pessoas de 14 anos ou mais de idade ocupadas na semana de referência,"Informação, comunicação e atividades financeiras, imobiliárias, profissionais e administrativas","99,0","11,5"
Sergipe,4º trimestre 2020,Pessoas de 14 anos ou mais de idade ocupadas na semana de referência,"Administração pública, defesa, seguridade social, educação, saúde humana e serviços sociais","172,0","19,9"
Sergipe,4º trimestre 2021,Pessoas de 14 anos ou mais de idade ocupadas na semana de referência,"Agricultura, pecuária, produção florestal, pesca e aquicultura","147,0","15,1"
Sergipe,4º trimestre 2021,Pessoas de 14 anos ou mais de idade ocupadas na semana de referência,Indústria geral,"86,0","8,8"
Sergipe,4º trimestre 2021,Pessoas de 14 anos ou mais de idade ocupadas na semana de referência,Construção,"67,0","6,8"
Sergipe,4º trimestre 2021,Pessoas de 14 anos ou mais de idade ocupadas na semana de referência,"Comércio, reparação de veículos automotores e motocicletas","210,0","21,5"
Sergipe,4º trimestre 2021,Pessoas de 14 anos ou mais de idade ocupadas na semana de referência,"Transporte, armazenagem e correio","42,0","4,3"
Sergipe,4º trimestre 2021,Pessoas de 14 anos ou mais de idade ocupadas na semana de referência,Alojamento e alimentação,"43,0","4,4"
Sergipe,4º trimestre 2021,Pessoas de 14 anos ou mais de idade ocupadas na semana de referência,"Informação, comunicação e atividades financeiras, imobiliárias, profissionais e administrativas","93,0","9,5"
Sergipe,4º trimestre 2021,Pessoas de 14 anos ou mais de idade ocupadas na semana de referência,"Administração pública, defesa, seguridade social, educação, saúde humana e serviços sociais","177,0","18,2"
Sergipe,4º trimestre 2022,Pessoas de 14 anos ou mais de idade ocupadas na semana de referência,"Agricultura, pecuária, produção florestal, pesca e aquicultura","126,0","13,0"
Sergipe,4º trimestre 2022,Pessoas de 14 anos ou mais de idade ocupadas na semana de referência,Indústria geral,"79,0","8,2"
Sergipe,4º trimestre 2022,Pessoas de 14 anos ou mais de idade ocupadas na semana de referência,Construção,"76,0","7,9"
Sergipe,4º trimestre 2022,Pessoas de 14 anos ou mais de idade ocupadas na semana de referência,"Comércio, reparação de veículos automotores e motocicletas","203,0","21,0"
Sergipe,4º trimestre 2022,Pessoas de 14 anos ou mais de idade ocupadas na semana de referência,"Transporte, armazenagem e correio","40,0","4,1"
Sergipe,4º trimestre 2022,Pessoas de 14 anos ou mais de idade ocupadas na semana de referência,Alojamento e alimentação,"49,0","5,1"
Sergipe,4º trimestre 2022,Pessoas de 14 anos ou mais de idade ocupadas na semana de referência,"Informação, comunicação e atividades financeiras, imobiliárias, profissionais e administrativas","90,0","9,4"
Sergipe,4º trimestre 2022,Pessoas de 14 anos ou mais de idade ocupadas na semana de referência,"Administração pública, defesa, seguridade social, educação, saúde humana e serviços sociais","191,0","19,8"
