Região,Tipo Crime,Ano,Mês,Ocorrências
Brasil,Furto de veículo,2015-01-01,abril,22030
Brasil,Furto de veículo,2015-01-01,agosto,22237
Brasil,Furto de veículo,2015-01-01,dezembro,22530
Brasil,Furto de veículo,2015-01-01,fevereiro,21381
Brasil,Furto de veículo,2015-01-01,janeiro,23123
Brasil,Furto de veículo,2015-01-01,julho,21839
Brasil,Furto de veículo,2015-01-01,junho,21180
Brasil,Furto de veículo,2015-01-01,maio,22202
Brasil,Furto de veículo,2015-01-01,março,23691
Brasil,Furto de veículo,2015-01-01,novembro,24107
Brasil,Furto de veículo,2015-01-01,outubro,22841
Brasil,Furto de veículo,2015-01-01,setembro,21789
Brasil,Furto de veículo,2016-01-01,abril,23098
Brasil,Furto de veículo,2016-01-01,agosto,23632
Brasil,Furto de veículo,2016-01-01,dezembro,21549
Brasil,Furto de veículo,2016-01-01,fevereiro,22494
Brasil,Furto de veículo,2016-01-01,janeiro,23416
Brasil,Furto de veículo,2016-01-01,julho,23498
Brasil,Furto de veículo,2016-01-01,junho,23638
Brasil,Furto de veículo,2016-01-01,maio,23768
Brasil,Furto de veículo,2016-01-01,março,24170
Brasil,Furto de veículo,2016-01-01,novembro,22821
Brasil,Furto de veículo,2016-01-01,outubro,23734
Brasil,Furto de veículo,2016-01-01,setembro,23105
Brasil,Furto de veículo,2017-01-01,abril,21911
Brasil,Furto de veículo,2017-01-01,agosto,22049
Brasil,Furto de veículo,2017-01-01,dezembro,20183
Brasil,Furto de veículo,2017-01-01,fevereiro,20835
Brasil,Furto de veículo,2017-01-01,janeiro,22550
Brasil,Furto de veículo,2017-01-01,julho,21678
Brasil,Furto de veículo,2017-01-01,junho,21628
Brasil,Furto de veículo,2017-01-01,maio,23285
Brasil,Furto de veículo,2017-01-01,março,24157
Brasil,Furto de veículo,2017-01-01,novembro,21751
Brasil,Furto de veículo,2017-01-01,outubro,22135
Brasil,Furto de veículo,2017-01-01,setembro,21060
Brasil,Furto de veículo,2018-01-01,abril,20618
Brasil,Furto de veículo,2018-01-01,agosto,20164
Brasil,Furto de veículo,2018-01-01,dezembro,17897
Brasil,Furto de veículo,2018-01-01,fevereiro,19667
Brasil,Furto de veículo,2018-01-01,janeiro,21079
Brasil,Furto de veículo,2018-01-01,julho,20060
Brasil,Furto de veículo,2018-01-01,junho,20138
Brasil,Furto de veículo,2018-01-01,maio,19747
Brasil,Furto de veículo,2018-01-01,março,21561
Brasil,Furto de veículo,2018-01-01,novembro,19965
Brasil,Furto de veículo,2018-01-01,outubro,21015
Brasil,Furto de veículo,2018-01-01,setembro,19589
Brasil,Furto de veículo,2019-01-01,abril,18921
Brasil,Furto de veículo,2019-01-01,agosto,12549
Brasil,Furto de veículo,2019-01-01,dezembro,17969
Brasil,Furto de veículo,2019-01-01,fevereiro,17990
Brasil,Furto de veículo,2019-01-01,janeiro,18724
Brasil,Furto de veículo,2019-01-01,julho,19753
Brasil,Furto de veículo,2019-01-01,junho,18466
Brasil,Furto de veículo,2019-01-01,maio,19707
Brasil,Furto de veículo,2019-01-01,março,19158
Brasil,Furto de veículo,2019-01-01,novembro,18830
Brasil,Furto de veículo,2019-01-01,outubro,19185
Brasil,Furto de veículo,2019-01-01,setembro,18129
Brasil,Furto de veículo,2020-01-01,abril,12144
Brasil,Furto de veículo,2020-01-01,agosto,13041
Brasil,Furto de veículo,2020-01-01,dezembro,14326
Brasil,Furto de veículo,2020-01-01,fevereiro,18154
Brasil,Furto de veículo,2020-01-01,janeiro,19373
Brasil,Furto de veículo,2020-01-01,julho,13670
Brasil,Furto de veículo,2020-01-01,junho,12658
Brasil,Furto de veículo,2020-01-01,maio,12465
Brasil,Furto de veículo,2020-01-01,março,16032
Brasil,Furto de veículo,2020-01-01,novembro,14776
Brasil,Furto de veículo,2020-01-01,outubro,14191
Brasil,Furto de veículo,2020-01-01,setembro,13188
Brasil,Furto de veículo,2021-01-01,abril,13998
Brasil,Furto de veículo,2021-01-01,agosto,16299
Brasil,Furto de veículo,2021-01-01,dezembro,16550
Brasil,Furto de veículo,2021-01-01,fevereiro,14295
Brasil,Furto de veículo,2021-01-01,janeiro,14894
Brasil,Furto de veículo,2021-01-01,julho,15922
Brasil,Furto de veículo,2021-01-01,junho,14996
Brasil,Furto de veículo,2021-01-01,maio,15257
Brasil,Furto de veículo,2021-01-01,março,14643
Brasil,Furto de veículo,2021-01-01,novembro,16918
Brasil,Furto de veículo,2021-01-01,outubro,16568
Brasil,Furto de veículo,2021-01-01,setembro,15955
Brasil,Furto de veículo,2022-01-01,abril,17203
Brasil,Furto de veículo,2022-01-01,agosto,18273
Brasil,Furto de veículo,2022-01-01,dezembro,19102
Brasil,Furto de veículo,2022-01-01,fevereiro,16232
Brasil,Furto de veículo,2022-01-01,janeiro,16311
Brasil,Furto de veículo,2022-01-01,julho,17643
Brasil,Furto de veículo,2022-01-01,junho,18144
Brasil,Furto de veículo,2022-01-01,maio,18360
Brasil,Furto de veículo,2022-01-01,março,19468
Brasil,Furto de veículo,2022-01-01,novembro,19946
Brasil,Furto de veículo,2022-01-01,outubro,19601
Brasil,Furto de veículo,2022-01-01,setembro,19265
Brasil,Roubo a instituição financeira,2015-01-01,abril,112
Brasil,Roubo a instituição financeira,2015-01-01,agosto,95
Brasil,Roubo a instituição financeira,2015-01-01,dezembro,95
Brasil,Roubo a instituição financeira,2015-01-01,fevereiro,115
Brasil,Roubo a instituição financeira,2015-01-01,janeiro,111
Brasil,Roubo a instituição financeira,2015-01-01,julho,103
Brasil,Roubo a instituição financeira,2015-01-01,junho,100
Brasil,Roubo a instituição financeira,2015-01-01,maio,82
Brasil,Roubo a instituição financeira,2015-01-01,março,112
Brasil,Roubo a instituição financeira,2015-01-01,novembro,122
Brasil,Roubo a instituição financeira,2015-01-01,outubro,111
Brasil,Roubo a instituição financeira,2015-01-01,setembro,113
Brasil,Roubo a instituição financeira,2016-01-01,abril,90
Brasil,Roubo a instituição financeira,2016-01-01,agosto,92
Brasil,Roubo a instituição financeira,2016-01-01,dezembro,88
Brasil,Roubo a instituição financeira,2016-01-01,fevereiro,99
Brasil,Roubo a instituição financeira,2016-01-01,janeiro,105
Brasil,Roubo a instituição financeira,2016-01-01,julho,82
Brasil,Roubo a instituição financeira,2016-01-01,junho,68
Brasil,Roubo a instituição financeira,2016-01-01,maio,93
Brasil,Roubo a instituição financeira,2016-01-01,março,111
Brasil,Roubo a instituição financeira,2016-01-01,novembro,91
Brasil,Roubo a instituição financeira,2016-01-01,outubro,83
Brasil,Roubo a instituição financeira,2016-01-01,setembro,79
Brasil,Roubo a instituição financeira,2017-01-01,abril,60
Brasil,Roubo a instituição financeira,2017-01-01,agosto,51
Brasil,Roubo a instituição financeira,2017-01-01,dezembro,81
Brasil,Roubo a instituição financeira,2017-01-01,fevereiro,82
Brasil,Roubo a instituição financeira,2017-01-01,janeiro,65
Brasil,Roubo a instituição financeira,2017-01-01,julho,60
Brasil,Roubo a instituição financeira,2017-01-01,junho,78
Brasil,Roubo a instituição financeira,2017-01-01,maio,83
Brasil,Roubo a instituição financeira,2017-01-01,março,82
Brasil,Roubo a instituição financeira,2017-01-01,novembro,67
Brasil,Roubo a instituição financeira,2017-01-01,outubro,75
Brasil,Roubo a instituição financeira,2017-01-01,setembro,59
Brasil,Roubo a instituição financeira,2018-01-01,abril,49
Brasil,Roubo a instituição financeira,2018-01-01,agosto,50
Brasil,Roubo a instituição financeira,2018-01-01,dezembro,59
Brasil,Roubo a instituição financeira,2018-01-01,fevereiro,48
Brasil,Roubo a instituição financeira,2018-01-01,janeiro,85
Brasil,Roubo a instituição financeira,2018-01-01,julho,52
Brasil,Roubo a instituição financeira,2018-01-01,junho,63
Brasil,Roubo a instituição financeira,2018-01-01,maio,67
Brasil,Roubo a instituição financeira,2018-01-01,março,81
Brasil,Roubo a instituição financeira,2018-01-01,novembro,58
Brasil,Roubo a instituição financeira,2018-01-01,outubro,57
Brasil,Roubo a instituição financeira,2018-01-01,setembro,50
Brasil,Roubo a instituição financeira,2019-01-01,abril,32
Brasil,Roubo a instituição financeira,2019-01-01,agosto,21
Brasil,Roubo a instituição financeira,2019-01-01,dezembro,39
Brasil,Roubo a instituição financeira,2019-01-01,fevereiro,44
Brasil,Roubo a instituição financeira,2019-01-01,janeiro,36
Brasil,Roubo a instituição financeira,2019-01-01,julho,49
Brasil,Roubo a instituição financeira,2019-01-01,junho,32
Brasil,Roubo a instituição financeira,2019-01-01,maio,39
Brasil,Roubo a instituição financeira,2019-01-01,março,58
Brasil,Roubo a instituição financeira,2019-01-01,novembro,18
Brasil,Roubo a instituição financeira,2019-01-01,outubro,34
Brasil,Roubo a instituição financeira,2019-01-01,setembro,24
Brasil,Roubo a instituição financeira,2020-01-01,abril,32
Brasil,Roubo a instituição financeira,2020-01-01,agosto,27
Brasil,Roubo a instituição financeira,2020-01-01,dezembro,24
Brasil,Roubo a instituição financeira,2020-01-01,fevereiro,49
Brasil,Roubo a instituição financeira,2020-01-01,janeiro,24
Brasil,Roubo a instituição financeira,2020-01-01,julho,17
Brasil,Roubo a instituição financeira,2020-01-01,junho,22
Brasil,Roubo a instituição financeira,2020-01-01,maio,38
Brasil,Roubo a instituição financeira,2020-01-01,março,33
Brasil,Roubo a instituição financeira,2020-01-01,novembro,19
Brasil,Roubo a instituição financeira,2020-01-01,outubro,17
Brasil,Roubo a instituição financeira,2020-01-01,setembro,25
Brasil,Roubo a instituição financeira,2021-01-01,abril,36
Brasil,Roubo a instituição financeira,2021-01-01,agosto,33
Brasil,Roubo a instituição financeira,2021-01-01,dezembro,26
Brasil,Roubo a instituição financeira,2021-01-01,fevereiro,36
Brasil,Roubo a instituição financeira,2021-01-01,janeiro,38
Brasil,Roubo a instituição financeira,2021-01-01,julho,26
Brasil,Roubo a instituição financeira,2021-01-01,junho,40
Brasil,Roubo a instituição financeira,2021-01-01,maio,36
Brasil,Roubo a instituição financeira,2021-01-01,março,33
Brasil,Roubo a instituição financeira,2021-01-01,novembro,25
Brasil,Roubo a instituição financeira,2021-01-01,outubro,33
Brasil,Roubo a instituição financeira,2021-01-01,setembro,24
Brasil,Roubo a instituição financeira,2022-01-01,abril,17
Brasil,Roubo a instituição financeira,2022-01-01,agosto,21
Brasil,Roubo a instituição financeira,2022-01-01,dezembro,18
Brasil,Roubo a instituição financeira,2022-01-01,fevereiro,24
Brasil,Roubo a instituição financeira,2022-01-01,janeiro,18
Brasil,Roubo a instituição financeira,2022-01-01,julho,18
Brasil,Roubo a instituição financeira,2022-01-01,junho,28
Brasil,Roubo a instituição financeira,2022-01-01,maio,26
Brasil,Roubo a instituição financeira,2022-01-01,março,20
Brasil,Roubo a instituição financeira,2022-01-01,novembro,21
Brasil,Roubo a instituição financeira,2022-01-01,outubro,16
Brasil,Roubo a instituição financeira,2022-01-01,setembro,18
Brasil,Roubo de carga,2015-01-01,abril,1503
Brasil,Roubo de carga,2015-01-01,agosto,1362
Brasil,Roubo de carga,2015-01-01,dezembro,2018
Brasil,Roubo de carga,2015-01-01,fevereiro,1445
Brasil,Roubo de carga,2015-01-01,janeiro,1779
Brasil,Roubo de carga,2015-01-01,julho,1449
Brasil,Roubo de carga,2015-01-01,junho,1437
Brasil,Roubo de carga,2015-01-01,maio,1579
Brasil,Roubo de carga,2015-01-01,março,1741
Brasil,Roubo de carga,2015-01-01,novembro,1793
Brasil,Roubo de carga,2015-01-01,outubro,1702
Brasil,Roubo de carga,2015-01-01,setembro,1517
Brasil,Roubo de carga,2016-01-01,abril,1828
Brasil,Roubo de carga,2016-01-01,agosto,2062
Brasil,Roubo de carga,2016-01-01,dezembro,2859
Brasil,Roubo de carga,2016-01-01,fevereiro,1570
Brasil,Roubo de carga,2016-01-01,janeiro,1719
Brasil,Roubo de carga,2016-01-01,julho,1903
Brasil,Roubo de carga,2016-01-01,junho,1903
Brasil,Roubo de carga,2016-01-01,maio,1772
Brasil,Roubo de carga,2016-01-01,março,1777
Brasil,Roubo de carga,2016-01-01,novembro,2474
Brasil,Roubo de carga,2016-01-01,outubro,2168
Brasil,Roubo de carga,2016-01-01,setembro,2151
Brasil,Roubo de carga,2017-01-01,abril,2172
Brasil,Roubo de carga,2017-01-01,agosto,2247
Brasil,Roubo de carga,2017-01-01,dezembro,2361
Brasil,Roubo de carga,2017-01-01,fevereiro,1729
Brasil,Roubo de carga,2017-01-01,janeiro,1944
Brasil,Roubo de carga,2017-01-01,julho,2114
Brasil,Roubo de carga,2017-01-01,junho,2308
Brasil,Roubo de carga,2017-01-01,maio,2580
Brasil,Roubo de carga,2017-01-01,março,2286
Brasil,Roubo de carga,2017-01-01,novembro,2127
Brasil,Roubo de carga,2017-01-01,outubro,2113
Brasil,Roubo de carga,2017-01-01,setembro,1773
Brasil,Roubo de carga,2018-01-01,abril,1992
Brasil,Roubo de carga,2018-01-01,agosto,1754
Brasil,Roubo de carga,2018-01-01,dezembro,1748
Brasil,Roubo de carga,2018-01-01,fevereiro,1788
Brasil,Roubo de carga,2018-01-01,janeiro,2095
Brasil,Roubo de carga,2018-01-01,julho,1759
Brasil,Roubo de carga,2018-01-01,junho,1900
Brasil,Roubo de carga,2018-01-01,maio,1710
Brasil,Roubo de carga,2018-01-01,março,2067
Brasil,Roubo de carga,2018-01-01,novembro,1679
Brasil,Roubo de carga,2018-01-01,outubro,1629
Brasil,Roubo de carga,2018-01-01,setembro,1515
Brasil,Roubo de carga,2019-01-01,abril,1521
Brasil,Roubo de carga,2019-01-01,agosto,1415
Brasil,Roubo de carga,2019-01-01,dezembro,1587
Brasil,Roubo de carga,2019-01-01,fevereiro,1468
Brasil,Roubo de carga,2019-01-01,janeiro,1589
Brasil,Roubo de carga,2019-01-01,julho,1551
Brasil,Roubo de carga,2019-01-01,junho,1383
Brasil,Roubo de carga,2019-01-01,maio,1566
Brasil,Roubo de carga,2019-01-01,março,1451
Brasil,Roubo de carga,2019-01-01,novembro,1409
Brasil,Roubo de carga,2019-01-01,outubro,1522
Brasil,Roubo de carga,2019-01-01,setembro,1157
Brasil,Roubo de carga,2020-01-01,abril,975
Brasil,Roubo de carga,2020-01-01,agosto,1005
Brasil,Roubo de carga,2020-01-01,dezembro,1339
Brasil,Roubo de carga,2020-01-01,fevereiro,1131
Brasil,Roubo de carga,2020-01-01,janeiro,1426
Brasil,Roubo de carga,2020-01-01,julho,1183
Brasil,Roubo de carga,2020-01-01,junho,997
Brasil,Roubo de carga,2020-01-01,maio,1088
Brasil,Roubo de carga,2020-01-01,março,1161
Brasil,Roubo de carga,2020-01-01,novembro,1024
Brasil,Roubo de carga,2020-01-01,outubro,999
Brasil,Roubo de carga,2020-01-01,setembro,911
Brasil,Roubo de carga,2021-01-01,abril,1135
Brasil,Roubo de carga,2021-01-01,agosto,1002
Brasil,Roubo de carga,2021-01-01,dezembro,1315
Brasil,Roubo de carga,2021-01-01,fevereiro,1075
Brasil,Roubo de carga,2021-01-01,janeiro,1089
Brasil,Roubo de carga,2021-01-01,julho,1074
Brasil,Roubo de carga,2021-01-01,junho,1096
Brasil,Roubo de carga,2021-01-01,maio,1123
Brasil,Roubo de carga,2021-01-01,março,1192
Brasil,Roubo de carga,2021-01-01,novembro,1255
Brasil,Roubo de carga,2021-01-01,outubro,1084
Brasil,Roubo de carga,2021-01-01,setembro,1054
Brasil,Roubo de carga,2022-01-01,abril,1007
Brasil,Roubo de carga,2022-01-01,agosto,1042
Brasil,Roubo de carga,2022-01-01,dezembro,1291
Brasil,Roubo de carga,2022-01-01,fevereiro,1105
Brasil,Roubo de carga,2022-01-01,janeiro,1145
Brasil,Roubo de carga,2022-01-01,julho,1018
Brasil,Roubo de carga,2022-01-01,junho,973
Brasil,Roubo de carga,2022-01-01,maio,1064
Brasil,Roubo de carga,2022-01-01,março,1118
Brasil,Roubo de carga,2022-01-01,novembro,1223
Brasil,Roubo de carga,2022-01-01,outubro,1084
Brasil,Roubo de carga,2022-01-01,setembro,1019
Brasil,Roubo de veículo,2015-01-01,abril,19776
Brasil,Roubo de veículo,2015-01-01,agosto,18669
Brasil,Roubo de veículo,2015-01-01,dezembro,22351
Brasil,Roubo de veículo,2015-01-01,fevereiro,18359
Brasil,Roubo de veículo,2015-01-01,janeiro,20992
Brasil,Roubo de veículo,2015-01-01,julho,18530
Brasil,Roubo de veículo,2015-01-01,junho,17017
Brasil,Roubo de veículo,2015-01-01,maio,19237
Brasil,Roubo de veículo,2015-01-01,março,20597
Brasil,Roubo de veículo,2015-01-01,novembro,21053
Brasil,Roubo de veículo,2015-01-01,outubro,21017
Brasil,Roubo de veículo,2015-01-01,setembro,19670
Brasil,Roubo de veículo,2016-01-01,abril,22369
Brasil,Roubo de veículo,2016-01-01,agosto,21815
Brasil,Roubo de veículo,2016-01-01,dezembro,24325
Brasil,Roubo de veículo,2016-01-01,fevereiro,20975
Brasil,Roubo de veículo,2016-01-01,janeiro,22224
Brasil,Roubo de veículo,2016-01-01,julho,22114
Brasil,Roubo de veículo,2016-01-01,junho,21806
Brasil,Roubo de veículo,2016-01-01,maio,22439
Brasil,Roubo de veículo,2016-01-01,março,22603
Brasil,Roubo de veículo,2016-01-01,novembro,23823
Brasil,Roubo de veículo,2016-01-01,outubro,24639
Brasil,Roubo de veículo,2016-01-01,setembro,22598
Brasil,Roubo de veículo,2017-01-01,abril,23650
Brasil,Roubo de veículo,2017-01-01,agosto,22916
Brasil,Roubo de veículo,2017-01-01,dezembro,21852
Brasil,Roubo de veículo,2017-01-01,fevereiro,22646
Brasil,Roubo de veículo,2017-01-01,janeiro,23571
Brasil,Roubo de veículo,2017-01-01,julho,22891
Brasil,Roubo de veículo,2017-01-01,junho,22425
Brasil,Roubo de veículo,2017-01-01,maio,24536
Brasil,Roubo de veículo,2017-01-01,março,25875
Brasil,Roubo de veículo,2017-01-01,novembro,22066
Brasil,Roubo de veículo,2017-01-01,outubro,22508
Brasil,Roubo de veículo,2017-01-01,setembro,21771
Brasil,Roubo de veículo,2018-01-01,abril,21807
Brasil,Roubo de veículo,2018-01-01,agosto,18951
Brasil,Roubo de veículo,2018-01-01,dezembro,18372
Brasil,Roubo de veículo,2018-01-01,fevereiro,21021
Brasil,Roubo de veículo,2018-01-01,janeiro,22826
Brasil,Roubo de veículo,2018-01-01,julho,19153
Brasil,Roubo de veículo,2018-01-01,junho,20396
Brasil,Roubo de veículo,2018-01-01,maio,21074
Brasil,Roubo de veículo,2018-01-01,março,23236
Brasil,Roubo de veículo,2018-01-01,novembro,19420
Brasil,Roubo de veículo,2018-01-01,outubro,20217
Brasil,Roubo de veículo,2018-01-01,setembro,18481
Brasil,Roubo de veículo,2019-01-01,abril,16573
Brasil,Roubo de veículo,2019-01-01,agosto,14932
Brasil,Roubo de veículo,2019-01-01,dezembro,15290
Brasil,Roubo de veículo,2019-01-01,fevereiro,15247
Brasil,Roubo de veículo,2019-01-01,janeiro,16617
Brasil,Roubo de veículo,2019-01-01,julho,15697
Brasil,Roubo de veículo,2019-01-01,junho,14795
Brasil,Roubo de veículo,2019-01-01,maio,16640
Brasil,Roubo de veículo,2019-01-01,março,16077
Brasil,Roubo de veículo,2019-01-01,novembro,14763
Brasil,Roubo de veículo,2019-01-01,outubro,14947
Brasil,Roubo de veículo,2019-01-01,setembro,13151
Brasil,Roubo de veículo,2020-01-01,abril,12180
Brasil,Roubo de veículo,2020-01-01,agosto,9271
Brasil,Roubo de veículo,2020-01-01,dezembro,12551
Brasil,Roubo de veículo,2020-01-01,fevereiro,15031
Brasil,Roubo de veículo,2020-01-01,janeiro,15545
Brasil,Roubo de veículo,2020-01-01,julho,10102
Brasil,Roubo de veículo,2020-01-01,junho,9465
Brasil,Roubo de veículo,2020-01-01,maio,10117
Brasil,Roubo de veículo,2020-01-01,março,14953
Brasil,Roubo de veículo,2020-01-01,novembro,10975
Brasil,Roubo de veículo,2020-01-01,outubro,10544
Brasil,Roubo de veículo,2020-01-01,setembro,9352
Brasil,Roubo de veículo,2021-01-01,abril,11169
Brasil,Roubo de veículo,2021-01-01,agosto,11254
Brasil,Roubo de veículo,2021-01-01,dezembro,11829
Brasil,Roubo de veículo,2021-01-01,fevereiro,10844
Brasil,Roubo de veículo,2021-01-01,janeiro,12248
Brasil,Roubo de veículo,2021-01-01,julho,11290
Brasil,Roubo de veículo,2021-01-01,junho,10833
Brasil,Roubo de veículo,2021-01-01,maio,11333
Brasil,Roubo de veículo,2021-01-01,março,11918
Brasil,Roubo de veículo,2021-01-01,novembro,11536
Brasil,Roubo de veículo,2021-01-01,outubro,11144
Brasil,Roubo de veículo,2021-01-01,setembro,11396
Brasil,Roubo de veículo,2022-01-01,abril,11185
Brasil,Roubo de veículo,2022-01-01,agosto,11268
Brasil,Roubo de veículo,2022-01-01,dezembro,13096
Brasil,Roubo de veículo,2022-01-01,fevereiro,10476
Brasil,Roubo de veículo,2022-01-01,janeiro,10953
Brasil,Roubo de veículo,2022-01-01,julho,11502
Brasil,Roubo de veículo,2022-01-01,junho,11102
Brasil,Roubo de veículo,2022-01-01,maio,11692
Brasil,Roubo de veículo,2022-01-01,março,12709
Brasil,Roubo de veículo,2022-01-01,novembro,13135
Brasil,Roubo de veículo,2022-01-01,outubro,12590
Brasil,Roubo de veículo,2022-01-01,setembro,11519
Nordeste,Furto de veículo,2015-01-01,abril,1673
Nordeste,Furto de veículo,2015-01-01,agosto,1522
Nordeste,Furto de veículo,2015-01-01,dezembro,2768
Nordeste,Furto de veículo,2015-01-01,fevereiro,1796
Nordeste,Furto de veículo,2015-01-01,janeiro,1956
Nordeste,Furto de veículo,2015-01-01,julho,1618
Nordeste,Furto de veículo,2015-01-01,junho,1553
Nordeste,Furto de veículo,2015-01-01,maio,1571
Nordeste,Furto de veículo,2015-01-01,março,1704
Nordeste,Furto de veículo,2015-01-01,novembro,2758
Nordeste,Furto de veículo,2015-01-01,outubro,1618
Nordeste,Furto de veículo,2015-01-01,setembro,1653
Nordeste,Furto de veículo,2016-01-01,abril,1919
Nordeste,Furto de veículo,2016-01-01,agosto,2192
Nordeste,Furto de veículo,2016-01-01,dezembro,2218
Nordeste,Furto de veículo,2016-01-01,fevereiro,1738
Nordeste,Furto de veículo,2016-01-01,janeiro,1681
Nordeste,Furto de veículo,2016-01-01,julho,2281
Nordeste,Furto de veículo,2016-01-01,junho,2310
Nordeste,Furto de veículo,2016-01-01,maio,2196
Nordeste,Furto de veículo,2016-01-01,março,1896
Nordeste,Furto de veículo,2016-01-01,novembro,2220
Nordeste,Furto de veículo,2016-01-01,outubro,2388
Nordeste,Furto de veículo,2016-01-01,setembro,2233
Nordeste,Furto de veículo,2017-01-01,abril,2123
Nordeste,Furto de veículo,2017-01-01,agosto,2156
Nordeste,Furto de veículo,2017-01-01,dezembro,2146
Nordeste,Furto de veículo,2017-01-01,fevereiro,2085
Nordeste,Furto de veículo,2017-01-01,janeiro,2360
Nordeste,Furto de veículo,2017-01-01,julho,2260
Nordeste,Furto de veículo,2017-01-01,junho,2373
Nordeste,Furto de veículo,2017-01-01,maio,2230
Nordeste,Furto de veículo,2017-01-01,março,2300
Nordeste,Furto de veículo,2017-01-01,novembro,2080
Nordeste,Furto de veículo,2017-01-01,outubro,2212
Nordeste,Furto de veículo,2017-01-01,setembro,2121
Nordeste,Furto de veículo,2018-01-01,abril,1976
Nordeste,Furto de veículo,2018-01-01,agosto,2055
Nordeste,Furto de veículo,2018-01-01,dezembro,2115
Nordeste,Furto de veículo,2018-01-01,fevereiro,2036
Nordeste,Furto de veículo,2018-01-01,janeiro,2346
Nordeste,Furto de veículo,2018-01-01,julho,2222
Nordeste,Furto de veículo,2018-01-01,junho,2371
Nordeste,Furto de veículo,2018-01-01,maio,1962
Nordeste,Furto de veículo,2018-01-01,março,2162
Nordeste,Furto de veículo,2018-01-01,novembro,2093
Nordeste,Furto de veículo,2018-01-01,outubro,2210
Nordeste,Furto de veículo,2018-01-01,setembro,2082
Nordeste,Furto de veículo,2019-01-01,abril,2036
Nordeste,Furto de veículo,2019-01-01,agosto,2205
Nordeste,Furto de veículo,2019-01-01,dezembro,2085
Nordeste,Furto de veículo,2019-01-01,fevereiro,2033
Nordeste,Furto de veículo,2019-01-01,janeiro,2035
Nordeste,Furto de veículo,2019-01-01,julho,2283
Nordeste,Furto de veículo,2019-01-01,junho,2271
Nordeste,Furto de veículo,2019-01-01,maio,2105
Nordeste,Furto de veículo,2019-01-01,março,2212
Nordeste,Furto de veículo,2019-01-01,novembro,2032
Nordeste,Furto de veículo,2019-01-01,outubro,2054
Nordeste,Furto de veículo,2019-01-01,setembro,2080
Nordeste,Furto de veículo,2020-01-01,abril,1389
Nordeste,Furto de veículo,2020-01-01,agosto,1504
Nordeste,Furto de veículo,2020-01-01,dezembro,1967
Nordeste,Furto de veículo,2020-01-01,fevereiro,2414
Nordeste,Furto de veículo,2020-01-01,janeiro,2297
Nordeste,Furto de veículo,2020-01-01,julho,1546
Nordeste,Furto de veículo,2020-01-01,junho,1517
Nordeste,Furto de veículo,2020-01-01,maio,1282
Nordeste,Furto de veículo,2020-01-01,março,1978
Nordeste,Furto de veículo,2020-01-01,novembro,1870
Nordeste,Furto de veículo,2020-01-01,outubro,1758
Nordeste,Furto de veículo,2020-01-01,setembro,1545
Nordeste,Furto de veículo,2021-01-01,abril,1466
Nordeste,Furto de veículo,2021-01-01,agosto,1814
Nordeste,Furto de veículo,2021-01-01,dezembro,2180
Nordeste,Furto de veículo,2021-01-01,fevereiro,1607
Nordeste,Furto de veículo,2021-01-01,janeiro,1932
Nordeste,Furto de veículo,2021-01-01,julho,1816
Nordeste,Furto de veículo,2021-01-01,junho,1699
Nordeste,Furto de veículo,2021-01-01,maio,1680
Nordeste,Furto de veículo,2021-01-01,março,1451
Nordeste,Furto de veículo,2021-01-01,novembro,2085
Nordeste,Furto de veículo,2021-01-01,outubro,1760
Nordeste,Furto de veículo,2021-01-01,setembro,1891
Nordeste,Furto de veículo,2022-01-01,abril,2230
Nordeste,Furto de veículo,2022-01-01,agosto,2646
Nordeste,Furto de veículo,2022-01-01,dezembro,2869
Nordeste,Furto de veículo,2022-01-01,fevereiro,1899
Nordeste,Furto de veículo,2022-01-01,janeiro,1782
Nordeste,Furto de veículo,2022-01-01,julho,2555
Nordeste,Furto de veículo,2022-01-01,junho,2594
Nordeste,Furto de veículo,2022-01-01,maio,2417
Nordeste,Furto de veículo,2022-01-01,março,2225
Nordeste,Furto de veículo,2022-01-01,novembro,2798
Nordeste,Furto de veículo,2022-01-01,outubro,2776
Nordeste,Furto de veículo,2022-01-01,setembro,2726
Nordeste,Roubo a instituição financeira,2015-01-01,abril,40
Nordeste,Roubo a instituição financeira,2015-01-01,agosto,39
Nordeste,Roubo a instituição financeira,2015-01-01,dezembro,35
Nordeste,Roubo a instituição financeira,2015-01-01,fevereiro,47
Nordeste,Roubo a instituição financeira,2015-01-01,janeiro,52
Nordeste,Roubo a instituição financeira,2015-01-01,julho,35
Nordeste,Roubo a instituição financeira,2015-01-01,junho,36
Nordeste,Roubo a instituição financeira,2015-01-01,maio,35
Nordeste,Roubo a instituição financeira,2015-01-01,março,44
Nordeste,Roubo a instituição financeira,2015-01-01,novembro,44
Nordeste,Roubo a instituição financeira,2015-01-01,outubro,44
Nordeste,Roubo a instituição financeira,2015-01-01,setembro,48
Nordeste,Roubo a instituição financeira,2016-01-01,abril,35
Nordeste,Roubo a instituição financeira,2016-01-01,agosto,32
Nordeste,Roubo a instituição financeira,2016-01-01,dezembro,26
Nordeste,Roubo a instituição financeira,2016-01-01,fevereiro,37
Nordeste,Roubo a instituição financeira,2016-01-01,janeiro,34
Nordeste,Roubo a instituição financeira,2016-01-01,julho,34
Nordeste,Roubo a instituição financeira,2016-01-01,junho,30
Nordeste,Roubo a instituição financeira,2016-01-01,maio,34
Nordeste,Roubo a instituição financeira,2016-01-01,março,35
Nordeste,Roubo a instituição financeira,2016-01-01,novembro,20
Nordeste,Roubo a instituição financeira,2016-01-01,outubro,34
Nordeste,Roubo a instituição financeira,2016-01-01,setembro,21
Nordeste,Roubo a instituição financeira,2017-01-01,abril,11
Nordeste,Roubo a instituição financeira,2017-01-01,agosto,13
Nordeste,Roubo a instituição financeira,2017-01-01,dezembro,31
Nordeste,Roubo a instituição financeira,2017-01-01,fevereiro,29
Nordeste,Roubo a instituição financeira,2017-01-01,janeiro,24
Nordeste,Roubo a instituição financeira,2017-01-01,julho,25
Nordeste,Roubo a instituição financeira,2017-01-01,junho,35
Nordeste,Roubo a instituição financeira,2017-01-01,maio,26
Nordeste,Roubo a instituição financeira,2017-01-01,março,25
Nordeste,Roubo a instituição financeira,2017-01-01,novembro,25
Nordeste,Roubo a instituição financeira,2017-01-01,outubro,26
Nordeste,Roubo a instituição financeira,2017-01-01,setembro,20
Nordeste,Roubo a instituição financeira,2018-01-01,abril,14
Nordeste,Roubo a instituição financeira,2018-01-01,agosto,14
Nordeste,Roubo a instituição financeira,2018-01-01,dezembro,21
Nordeste,Roubo a instituição financeira,2018-01-01,fevereiro,14
Nordeste,Roubo a instituição financeira,2018-01-01,janeiro,29
Nordeste,Roubo a instituição financeira,2018-01-01,julho,20
Nordeste,Roubo a instituição financeira,2018-01-01,junho,28
Nordeste,Roubo a instituição financeira,2018-01-01,maio,16
Nordeste,Roubo a instituição financeira,2018-01-01,março,22
Nordeste,Roubo a instituição financeira,2018-01-01,novembro,15
Nordeste,Roubo a instituição financeira,2018-01-01,outubro,16
Nordeste,Roubo a instituição financeira,2018-01-01,setembro,17
Nordeste,Roubo a instituição financeira,2019-01-01,abril,8
Nordeste,Roubo a instituição financeira,2019-01-01,agosto,5
Nordeste,Roubo a instituição financeira,2019-01-01,dezembro,6
Nordeste,Roubo a instituição financeira,2019-01-01,fevereiro,13
Nordeste,Roubo a instituição financeira,2019-01-01,janeiro,7
Nordeste,Roubo a instituição financeira,2019-01-01,julho,15
Nordeste,Roubo a instituição financeira,2019-01-01,junho,12
Nordeste,Roubo a instituição financeira,2019-01-01,maio,12
Nordeste,Roubo a instituição financeira,2019-01-01,março,14
Nordeste,Roubo a instituição financeira,2019-01-01,novembro,4
Nordeste,Roubo a instituição financeira,2019-01-01,outubro,11
Nordeste,Roubo a instituição financeira,2019-01-01,setembro,2
Nordeste,Roubo a instituição financeira,2020-01-01,abril,5
Nordeste,Roubo a instituição financeira,2020-01-01,agosto,3
Nordeste,Roubo a instituição financeira,2020-01-01,dezembro,7
Nordeste,Roubo a instituição financeira,2020-01-01,fevereiro,18
Nordeste,Roubo a instituição financeira,2020-01-01,janeiro,5
Nordeste,Roubo a instituição financeira,2020-01-01,julho,4
Nordeste,Roubo a instituição financeira,2020-01-01,junho,4
Nordeste,Roubo a instituição financeira,2020-01-01,maio,10
Nordeste,Roubo a instituição financeira,2020-01-01,março,7
Nordeste,Roubo a instituição financeira,2020-01-01,novembro,3
Nordeste,Roubo a instituição financeira,2020-01-01,outubro,6
Nordeste,Roubo a instituição financeira,2020-01-01,setembro,8
Nordeste,Roubo a instituição financeira,2021-01-01,abril,11
Nordeste,Roubo a instituição financeira,2021-01-01,agosto,9
Nordeste,Roubo a instituição financeira,2021-01-01,dezembro,5
Nordeste,Roubo a instituição financeira,2021-01-01,fevereiro,6
Nordeste,Roubo a instituição financeira,2021-01-01,janeiro,4
Nordeste,Roubo a instituição financeira,2021-01-01,julho,8
Nordeste,Roubo a instituição financeira,2021-01-01,junho,8
Nordeste,Roubo a instituição financeira,2021-01-01,maio,5
Nordeste,Roubo a instituição financeira,2021-01-01,março,2
Nordeste,Roubo a instituição financeira,2021-01-01,novembro,5
Nordeste,Roubo a instituição financeira,2021-01-01,outubro,9
Nordeste,Roubo a instituição financeira,2021-01-01,setembro,4
Nordeste,Roubo a instituição financeira,2022-01-01,abril,4
Nordeste,Roubo a instituição financeira,2022-01-01,agosto,5
Nordeste,Roubo a instituição financeira,2022-01-01,dezembro,7
Nordeste,Roubo a instituição financeira,2022-01-01,fevereiro,5
Nordeste,Roubo a instituição financeira,2022-01-01,janeiro,4
Nordeste,Roubo a instituição financeira,2022-01-01,julho,2
Nordeste,Roubo a instituição financeira,2022-01-01,junho,8
Nordeste,Roubo a instituição financeira,2022-01-01,maio,5
Nordeste,Roubo a instituição financeira,2022-01-01,março,5
Nordeste,Roubo a instituição financeira,2022-01-01,novembro,10
Nordeste,Roubo a instituição financeira,2022-01-01,outubro,6
Nordeste,Roubo a instituição financeira,2022-01-01,setembro,4
Nordeste,Roubo de carga,2015-01-01,abril,87
Nordeste,Roubo de carga,2015-01-01,agosto,83
Nordeste,Roubo de carga,2015-01-01,dezembro,94
Nordeste,Roubo de carga,2015-01-01,fevereiro,81
Nordeste,Roubo de carga,2015-01-01,janeiro,100
Nordeste,Roubo de carga,2015-01-01,julho,97
Nordeste,Roubo de carga,2015-01-01,junho,92
Nordeste,Roubo de carga,2015-01-01,maio,107
Nordeste,Roubo de carga,2015-01-01,março,114
Nordeste,Roubo de carga,2015-01-01,novembro,113
Nordeste,Roubo de carga,2015-01-01,outubro,104
Nordeste,Roubo de carga,2015-01-01,setembro,96
Nordeste,Roubo de carga,2016-01-01,abril,113
Nordeste,Roubo de carga,2016-01-01,agosto,114
Nordeste,Roubo de carga,2016-01-01,dezembro,157
Nordeste,Roubo de carga,2016-01-01,fevereiro,83
Nordeste,Roubo de carga,2016-01-01,janeiro,90
Nordeste,Roubo de carga,2016-01-01,julho,127
Nordeste,Roubo de carga,2016-01-01,junho,138
Nordeste,Roubo de carga,2016-01-01,maio,131
Nordeste,Roubo de carga,2016-01-01,março,120
Nordeste,Roubo de carga,2016-01-01,novembro,130
Nordeste,Roubo de carga,2016-01-01,outubro,101
Nordeste,Roubo de carga,2016-01-01,setembro,103
Nordeste,Roubo de carga,2017-01-01,abril,147
Nordeste,Roubo de carga,2017-01-01,agosto,139
Nordeste,Roubo de carga,2017-01-01,dezembro,93
Nordeste,Roubo de carga,2017-01-01,fevereiro,152
Nordeste,Roubo de carga,2017-01-01,janeiro,152
Nordeste,Roubo de carga,2017-01-01,julho,123
Nordeste,Roubo de carga,2017-01-01,junho,134
Nordeste,Roubo de carga,2017-01-01,maio,136
Nordeste,Roubo de carga,2017-01-01,março,163
Nordeste,Roubo de carga,2017-01-01,novembro,129
Nordeste,Roubo de carga,2017-01-01,outubro,122
Nordeste,Roubo de carga,2017-01-01,setembro,114
Nordeste,Roubo de carga,2018-01-01,abril,113
Nordeste,Roubo de carga,2018-01-01,agosto,117
Nordeste,Roubo de carga,2018-01-01,dezembro,95
Nordeste,Roubo de carga,2018-01-01,fevereiro,96
Nordeste,Roubo de carga,2018-01-01,janeiro,133
Nordeste,Roubo de carga,2018-01-01,julho,114
Nordeste,Roubo de carga,2018-01-01,junho,154
Nordeste,Roubo de carga,2018-01-01,maio,115
Nordeste,Roubo de carga,2018-01-01,março,115
Nordeste,Roubo de carga,2018-01-01,novembro,99
Nordeste,Roubo de carga,2018-01-01,outubro,81
Nordeste,Roubo de carga,2018-01-01,setembro,99
Nordeste,Roubo de carga,2019-01-01,abril,91
Nordeste,Roubo de carga,2019-01-01,agosto,75
Nordeste,Roubo de carga,2019-01-01,dezembro,74
Nordeste,Roubo de carga,2019-01-01,fevereiro,74
Nordeste,Roubo de carga,2019-01-01,janeiro,74
Nordeste,Roubo de carga,2019-01-01,julho,98
Nordeste,Roubo de carga,2019-01-01,junho,100
Nordeste,Roubo de carga,2019-01-01,maio,99
Nordeste,Roubo de carga,2019-01-01,março,72
Nordeste,Roubo de carga,2019-01-01,novembro,94
Nordeste,Roubo de carga,2019-01-01,outubro,124
Nordeste,Roubo de carga,2019-01-01,setembro,81
Nordeste,Roubo de carga,2020-01-01,abril,94
Nordeste,Roubo de carga,2020-01-01,agosto,63
Nordeste,Roubo de carga,2020-01-01,dezembro,57
Nordeste,Roubo de carga,2020-01-01,fevereiro,71
Nordeste,Roubo de carga,2020-01-01,janeiro,107
Nordeste,Roubo de carga,2020-01-01,julho,73
Nordeste,Roubo de carga,2020-01-01,junho,66
Nordeste,Roubo de carga,2020-01-01,maio,79
Nordeste,Roubo de carga,2020-01-01,março,93
Nordeste,Roubo de carga,2020-01-01,novembro,65
Nordeste,Roubo de carga,2020-01-01,outubro,69
Nordeste,Roubo de carga,2020-01-01,setembro,48
Nordeste,Roubo de carga,2021-01-01,abril,54
Nordeste,Roubo de carga,2021-01-01,agosto,66
Nordeste,Roubo de carga,2021-01-01,dezembro,66
Nordeste,Roubo de carga,2021-01-01,fevereiro,60
Nordeste,Roubo de carga,2021-01-01,janeiro,44
Nordeste,Roubo de carga,2021-01-01,julho,57
Nordeste,Roubo de carga,2021-01-01,junho,55
Nordeste,Roubo de carga,2021-01-01,maio,67
Nordeste,Roubo de carga,2021-01-01,março,65
Nordeste,Roubo de carga,2021-01-01,novembro,75
Nordeste,Roubo de carga,2021-01-01,outubro,63
Nordeste,Roubo de carga,2021-01-01,setembro,59
Nordeste,Roubo de carga,2022-01-01,abril,57
Nordeste,Roubo de carga,2022-01-01,agosto,78
Nordeste,Roubo de carga,2022-01-01,dezembro,100
Nordeste,Roubo de carga,2022-01-01,fevereiro,73
Nordeste,Roubo de carga,2022-01-01,janeiro,67
Nordeste,Roubo de carga,2022-01-01,julho,70
Nordeste,Roubo de carga,2022-01-01,junho,51
Nordeste,Roubo de carga,2022-01-01,maio,63
Nordeste,Roubo de carga,2022-01-01,março,69
Nordeste,Roubo de carga,2022-01-01,novembro,84
Nordeste,Roubo de carga,2022-01-01,outubro,65
Nordeste,Roubo de carga,2022-01-01,setembro,76
Nordeste,Roubo de veículo,2015-01-01,abril,4322
Nordeste,Roubo de veículo,2015-01-01,agosto,4190
Nordeste,Roubo de veículo,2015-01-01,dezembro,4642
Nordeste,Roubo de veículo,2015-01-01,fevereiro,3779
Nordeste,Roubo de veículo,2015-01-01,janeiro,4539
Nordeste,Roubo de veículo,2015-01-01,julho,4447
Nordeste,Roubo de veículo,2015-01-01,junho,3896
Nordeste,Roubo de veículo,2015-01-01,maio,4430
Nordeste,Roubo de veículo,2015-01-01,março,4268
Nordeste,Roubo de veículo,2015-01-01,novembro,4548
Nordeste,Roubo de veículo,2015-01-01,outubro,4525
Nordeste,Roubo de veículo,2015-01-01,setembro,4057
Nordeste,Roubo de veículo,2016-01-01,abril,5081
Nordeste,Roubo de veículo,2016-01-01,agosto,4910
Nordeste,Roubo de veículo,2016-01-01,dezembro,5287
Nordeste,Roubo de veículo,2016-01-01,fevereiro,4899
Nordeste,Roubo de veículo,2016-01-01,janeiro,5010
Nordeste,Roubo de veículo,2016-01-01,julho,5248
Nordeste,Roubo de veículo,2016-01-01,junho,5039
Nordeste,Roubo de veículo,2016-01-01,maio,5370
Nordeste,Roubo de veículo,2016-01-01,março,5237
Nordeste,Roubo de veículo,2016-01-01,novembro,5405
Nordeste,Roubo de veículo,2016-01-01,outubro,5421
Nordeste,Roubo de veículo,2016-01-01,setembro,5323
Nordeste,Roubo de veículo,2017-01-01,abril,5385
Nordeste,Roubo de veículo,2017-01-01,agosto,5512
Nordeste,Roubo de veículo,2017-01-01,dezembro,4948
Nordeste,Roubo de veículo,2017-01-01,fevereiro,5122
Nordeste,Roubo de veículo,2017-01-01,janeiro,5550
Nordeste,Roubo de veículo,2017-01-01,julho,5404
Nordeste,Roubo de veículo,2017-01-01,junho,5438
Nordeste,Roubo de veículo,2017-01-01,maio,5979
Nordeste,Roubo de veículo,2017-01-01,março,5891
Nordeste,Roubo de veículo,2017-01-01,novembro,4993
Nordeste,Roubo de veículo,2017-01-01,outubro,5285
Nordeste,Roubo de veículo,2017-01-01,setembro,5299
Nordeste,Roubo de veículo,2018-01-01,abril,5645
Nordeste,Roubo de veículo,2018-01-01,agosto,4835
Nordeste,Roubo de veículo,2018-01-01,dezembro,4452
Nordeste,Roubo de veículo,2018-01-01,fevereiro,5136
Nordeste,Roubo de veículo,2018-01-01,janeiro,5768
Nordeste,Roubo de veículo,2018-01-01,julho,5411
Nordeste,Roubo de veículo,2018-01-01,junho,5464
Nordeste,Roubo de veículo,2018-01-01,maio,5608
Nordeste,Roubo de veículo,2018-01-01,março,5885
Nordeste,Roubo de veículo,2018-01-01,novembro,4970
Nordeste,Roubo de veículo,2018-01-01,outubro,5112
Nordeste,Roubo de veículo,2018-01-01,setembro,4617
Nordeste,Roubo de veículo,2019-01-01,abril,4329
Nordeste,Roubo de veículo,2019-01-01,agosto,4139
Nordeste,Roubo de veículo,2019-01-01,dezembro,3885
Nordeste,Roubo de veículo,2019-01-01,fevereiro,3665
Nordeste,Roubo de veículo,2019-01-01,janeiro,4032
Nordeste,Roubo de veículo,2019-01-01,julho,4290
Nordeste,Roubo de veículo,2019-01-01,junho,3898
Nordeste,Roubo de veículo,2019-01-01,maio,4613
Nordeste,Roubo de veículo,2019-01-01,março,3904
Nordeste,Roubo de veículo,2019-01-01,novembro,4048
Nordeste,Roubo de veículo,2019-01-01,outubro,4017
Nordeste,Roubo de veículo,2019-01-01,setembro,3503
Nordeste,Roubo de veículo,2020-01-01,abril,4818
Nordeste,Roubo de veículo,2020-01-01,agosto,2981
Nordeste,Roubo de veículo,2020-01-01,dezembro,3778
Nordeste,Roubo de veículo,2020-01-01,fevereiro,5050
Nordeste,Roubo de veículo,2020-01-01,janeiro,4620
Nordeste,Roubo de veículo,2020-01-01,julho,3248
Nordeste,Roubo de veículo,2020-01-01,junho,3193
Nordeste,Roubo de veículo,2020-01-01,maio,3710
Nordeste,Roubo de veículo,2020-01-01,março,5373
Nordeste,Roubo de veículo,2020-01-01,novembro,3452
Nordeste,Roubo de veículo,2020-01-01,outubro,3565
Nordeste,Roubo de veículo,2020-01-01,setembro,2927
Nordeste,Roubo de veículo,2021-01-01,abril,4040
Nordeste,Roubo de veículo,2021-01-01,agosto,3865
Nordeste,Roubo de veículo,2021-01-01,dezembro,3944
Nordeste,Roubo de veículo,2021-01-01,fevereiro,3583
Nordeste,Roubo de veículo,2021-01-01,janeiro,4222
Nordeste,Roubo de veículo,2021-01-01,julho,4173
Nordeste,Roubo de veículo,2021-01-01,junho,4016
Nordeste,Roubo de veículo,2021-01-01,maio,4218
Nordeste,Roubo de veículo,2021-01-01,março,4147
Nordeste,Roubo de veículo,2021-01-01,novembro,4080
Nordeste,Roubo de veículo,2021-01-01,outubro,3641
Nordeste,Roubo de veículo,2021-01-01,setembro,3894
Nordeste,Roubo de veículo,2022-01-01,abril,3957
Nordeste,Roubo de veículo,2022-01-01,agosto,4005
Nordeste,Roubo de veículo,2022-01-01,dezembro,4235
Nordeste,Roubo de veículo,2022-01-01,fevereiro,3722
Nordeste,Roubo de veículo,2022-01-01,janeiro,3741
Nordeste,Roubo de veículo,2022-01-01,julho,4049
Nordeste,Roubo de veículo,2022-01-01,junho,3985
Nordeste,Roubo de veículo,2022-01-01,maio,3995
Nordeste,Roubo de veículo,2022-01-01,março,4346
Nordeste,Roubo de veículo,2022-01-01,novembro,4180
Nordeste,Roubo de veículo,2022-01-01,outubro,4013
Nordeste,Roubo de veículo,2022-01-01,setembro,3916
Sergipe,Furto de veículo,2022-01-01,janeiro,55
Sergipe,Roubo a instituição financeira,2022-01-01,janeiro,0
Sergipe,Roubo de carga,2022-01-01,janeiro,0
Sergipe,Roubo de veículo,2022-01-01,janeiro,230
Sergipe,Furto de veículo,2022-01-01,fevereiro,53
Sergipe,Roubo a instituição financeira,2022-01-01,fevereiro,0
Sergipe,Roubo de carga,2022-01-01,fevereiro,0
Sergipe,Roubo de veículo,2022-01-01,fevereiro,199
Sergipe,Furto de veículo,2022-01-01,março,69
Sergipe,Roubo a instituição financeira,2022-01-01,março,0
Sergipe,Roubo de carga,2022-01-01,março,0
Sergipe,Roubo de veículo,2022-01-01,março,177
Sergipe,Furto de veículo,2022-01-01,abril,62
Sergipe,Roubo a instituição financeira,2022-01-01,abril,0
Sergipe,Roubo de veículo,2022-01-01,abril,140
Sergipe,Furto de veículo,2022-01-01,maio,66
Sergipe,Roubo a instituição financeira,2022-01-01,maio,0
Sergipe,Roubo de carga,2022-01-01,maio,0
Sergipe,Roubo de veículo,2022-01-01,maio,117
Sergipe,Furto de veículo,2022-01-01,junho,97
Sergipe,Roubo de veículo,2022-01-01,junho,124
Sergipe,Furto de veículo,2022-01-01,julho,59
Sergipe,Roubo a instituição financeira,2022-01-01,julho,0
Sergipe,Roubo de veículo,2022-01-01,julho,128
Sergipe,Furto de veículo,2022-01-01,agosto,62
Sergipe,Roubo de veículo,2022-01-01,agosto,116
Sergipe,Furto de veículo,2022-01-01,setembro,64
Sergipe,Roubo a instituição financeira,2022-01-01,setembro,0
Sergipe,Roubo de carga,2022-01-01,setembro,0
Sergipe,Roubo de veículo,2022-01-01,setembro,112
Sergipe,Furto de veículo,2022-01-01,outubro,110
Sergipe,Roubo de veículo,2022-01-01,outubro,118
Sergipe,Furto de veículo,2022-01-01,novembro,104
Sergipe,Roubo a instituição financeira,2022-01-01,novembro,0
Sergipe,Roubo de carga,2022-01-01,novembro,0
Sergipe,Roubo de veículo,2022-01-01,novembro,100
Sergipe,Furto de veículo,2022-01-01,dezembro,85
Sergipe,Roubo a instituição financeira,2022-01-01,dezembro,0
Sergipe,Roubo de carga,2022-01-01,dezembro,0
Sergipe,Roubo de veículo,2022-01-01,dezembro,114
Sergipe,Furto de veículo,2021-01-01,janeiro,55
Sergipe,Roubo a instituição financeira,2021-01-01,janeiro,0
Sergipe,Roubo de carga,2021-01-01,janeiro,0
Sergipe,Roubo de veículo,2021-01-01,janeiro,206
Sergipe,Furto de veículo,2021-01-01,fevereiro,47
Sergipe,Roubo a instituição financeira,2021-01-01,fevereiro,0
Sergipe,Roubo de carga,2021-01-01,fevereiro,0
Sergipe,Roubo de veículo,2021-01-01,fevereiro,165
Sergipe,Furto de veículo,2021-01-01,março,44
Sergipe,Roubo a instituição financeira,2021-01-01,março,0
Sergipe,Roubo de carga,2021-01-01,março,0
Sergipe,Roubo de veículo,2021-01-01,março,233
Sergipe,Furto de veículo,2021-01-01,abril,38
Sergipe,Roubo a instituição financeira,2021-01-01,abril,0
Sergipe,Roubo de carga,2021-01-01,abril,0
Sergipe,Roubo de veículo,2021-01-01,abril,206
Sergipe,Furto de veículo,2021-01-01,maio,43
Sergipe,Roubo a instituição financeira,2021-01-01,maio,0
Sergipe,Roubo de carga,2021-01-01,maio,0
Sergipe,Roubo de veículo,2021-01-01,maio,209
Sergipe,Furto de veículo,2021-01-01,junho,51
Sergipe,Roubo a instituição financeira,2021-01-01,junho,0
Sergipe,Roubo de carga,2021-01-01,junho,0
Sergipe,Roubo de veículo,2021-01-01,junho,216
Sergipe,Furto de veículo,2021-01-01,julho,57
Sergipe,Roubo a instituição financeira,2021-01-01,julho,0
Sergipe,Roubo de carga,2021-01-01,julho,0
Sergipe,Roubo de veículo,2021-01-01,julho,219
Sergipe,Furto de veículo,2021-01-01,agosto,57
Sergipe,Roubo a instituição financeira,2021-01-01,agosto,0
Sergipe,Roubo de carga,2021-01-01,agosto,0
Sergipe,Roubo de veículo,2021-01-01,agosto,199
Sergipe,Furto de veículo,2021-01-01,setembro,64
Sergipe,Roubo a instituição financeira,2021-01-01,setembro,0
Sergipe,Roubo de carga,2021-01-01,setembro,0
Sergipe,Roubo de veículo,2021-01-01,setembro,159
Sergipe,Furto de veículo,2021-01-01,outubro,62
Sergipe,Roubo a instituição financeira,2021-01-01,outubro,0
Sergipe,Roubo de carga,2021-01-01,outubro,0
Sergipe,Roubo de veículo,2021-01-01,outubro,169
Sergipe,Furto de veículo,2021-01-01,novembro,42
Sergipe,Roubo a instituição financeira,2021-01-01,novembro,0
Sergipe,Roubo de carga,2021-01-01,novembro,0
Sergipe,Roubo de veículo,2021-01-01,novembro,208
Sergipe,Furto de veículo,2021-01-01,dezembro,46
Sergipe,Roubo a instituição financeira,2021-01-01,dezembro,0
Sergipe,Roubo de carga,2021-01-01,dezembro,0
Sergipe,Roubo de veículo,2021-01-01,dezembro,223
Sergipe,Furto de veículo,2020-01-01,janeiro,124
Sergipe,Roubo a instituição financeira,2020-01-01,janeiro,0
Sergipe,Roubo de carga,2020-01-01,janeiro,0
Sergipe,Roubo de veículo,2020-01-01,janeiro,297
Sergipe,Furto de veículo,2020-01-01,fevereiro,81
Sergipe,Roubo a instituição financeira,2020-01-01,fevereiro,2
Sergipe,Roubo de carga,2020-01-01,fevereiro,0
Sergipe,Roubo de veículo,2020-01-01,fevereiro,265
Sergipe,Furto de veículo,2020-01-01,março,80
Sergipe,Roubo a instituição financeira,2020-01-01,março,0
Sergipe,Roubo de carga,2020-01-01,março,0
Sergipe,Roubo de veículo,2020-01-01,março,292
Sergipe,Furto de veículo,2020-01-01,abril,42
Sergipe,Roubo a instituição financeira,2020-01-01,abril,0
Sergipe,Roubo de carga,2020-01-01,abril,0
Sergipe,Roubo de veículo,2020-01-01,abril,224
Sergipe,Furto de veículo,2020-01-01,maio,39
Sergipe,Roubo a instituição financeira,2020-01-01,maio,0
Sergipe,Roubo de carga,2020-01-01,maio,0
Sergipe,Roubo de veículo,2020-01-01,maio,156
Sergipe,Furto de veículo,2020-01-01,junho,44
Sergipe,Roubo a instituição financeira,2020-01-01,junho,0
Sergipe,Roubo de carga,2020-01-01,junho,0
Sergipe,Roubo de veículo,2020-01-01,junho,158
Sergipe,Furto de veículo,2020-01-01,julho,71
Sergipe,Roubo a instituição financeira,2020-01-01,julho,0
Sergipe,Roubo de carga,2020-01-01,julho,0
Sergipe,Roubo de veículo,2020-01-01,julho,220
Sergipe,Furto de veículo,2020-01-01,agosto,61
Sergipe,Roubo a instituição financeira,2020-01-01,agosto,0
Sergipe,Roubo de carga,2020-01-01,agosto,0
Sergipe,Roubo de veículo,2020-01-01,agosto,182
Sergipe,Furto de veículo,2020-01-01,setembro,66
Sergipe,Roubo a instituição financeira,2020-01-01,setembro,0
Sergipe,Roubo de carga,2020-01-01,setembro,0
Sergipe,Roubo de veículo,2020-01-01,setembro,179
Sergipe,Furto de veículo,2020-01-01,outubro,50
Sergipe,Roubo a instituição financeira,2020-01-01,outubro,0
Sergipe,Roubo de carga,2020-01-01,outubro,0
Sergipe,Roubo de veículo,2020-01-01,outubro,200
Sergipe,Furto de veículo,2020-01-01,novembro,67
Sergipe,Roubo a instituição financeira,2020-01-01,novembro,0
Sergipe,Roubo de carga,2020-01-01,novembro,0
Sergipe,Roubo de veículo,2020-01-01,novembro,147
Sergipe,Furto de veículo,2020-01-01,dezembro,63
Sergipe,Roubo a instituição financeira,2020-01-01,dezembro,0
Sergipe,Roubo de carga,2020-01-01,dezembro,0
Sergipe,Roubo de veículo,2020-01-01,dezembro,204
Sergipe,Furto de veículo,2019-01-01,janeiro,49
Sergipe,Roubo a instituição financeira,2019-01-01,janeiro,0
Sergipe,Roubo de carga,2019-01-01,janeiro,1
Sergipe,Roubo de veículo,2019-01-01,janeiro,223
Sergipe,Furto de veículo,2019-01-01,fevereiro,60
Sergipe,Roubo a instituição financeira,2019-01-01,fevereiro,1
Sergipe,Roubo de carga,2019-01-01,fevereiro,0
Sergipe,Roubo de veículo,2019-01-01,fevereiro,171
Sergipe,Furto de veículo,2019-01-01,março,83
Sergipe,Roubo a instituição financeira,2019-01-01,março,1
Sergipe,Roubo de veículo,2019-01-01,março,167
Sergipe,Furto de veículo,2019-01-01,abril,72
Sergipe,Roubo a instituição financeira,2019-01-01,abril,1
Sergipe,Roubo de carga,2019-01-01,abril,1
Sergipe,Roubo de veículo,2019-01-01,abril,163
Sergipe,Furto de veículo,2019-01-01,maio,51
Sergipe,Roubo a instituição financeira,2019-01-01,maio,2
Sergipe,Roubo de carga,2019-01-01,maio,1
Sergipe,Roubo de veículo,2019-01-01,maio,155
Sergipe,Furto de veículo,2019-01-01,junho,70
Sergipe,Roubo a instituição financeira,2019-01-01,junho,1
Sergipe,Roubo de carga,2019-01-01,junho,0
Sergipe,Roubo de veículo,2019-01-01,junho,126
Sergipe,Furto de veículo,2019-01-01,julho,53
Sergipe,Roubo a instituição financeira,2019-01-01,julho,0
Sergipe,Roubo de carga,2019-01-01,julho,3
Sergipe,Roubo de veículo,2019-01-01,julho,124
Sergipe,Furto de veículo,2019-01-01,agosto,82
Sergipe,Roubo a instituição financeira,2019-01-01,agosto,1
Sergipe,Roubo de carga,2019-01-01,agosto,0
Sergipe,Roubo de veículo,2019-01-01,agosto,126
Sergipe,Furto de veículo,2019-01-01,setembro,194
Sergipe,Roubo a instituição financeira,2019-01-01,setembro,0
Sergipe,Roubo de carga,2019-01-01,setembro,0
Sergipe,Roubo de veículo,2019-01-01,setembro,189
Sergipe,Furto de veículo,2019-01-01,outubro,90
Sergipe,Roubo a instituição financeira,2019-01-01,outubro,0
Sergipe,Roubo de carga,2019-01-01,outubro,1
Sergipe,Roubo de veículo,2019-01-01,outubro,183
Sergipe,Furto de veículo,2019-01-01,novembro,87
Sergipe,Roubo a instituição financeira,2019-01-01,novembro,0
Sergipe,Roubo de carga,2019-01-01,novembro,0
Sergipe,Roubo de veículo,2019-01-01,novembro,238
Sergipe,Furto de veículo,2019-01-01,dezembro,77
Sergipe,Roubo a instituição financeira,2019-01-01,dezembro,0
Sergipe,Roubo de carga,2019-01-01,dezembro,0
Sergipe,Roubo de veículo,2019-01-01,dezembro,229
Sergipe,Furto de veículo,2018-01-01,janeiro,75
Sergipe,Roubo a instituição financeira,2018-01-01,janeiro,0
Sergipe,Roubo de carga,2018-01-01,janeiro,0
Sergipe,Roubo de veículo,2018-01-01,janeiro,224
Sergipe,Furto de veículo,2018-01-01,fevereiro,75
Sergipe,Roubo a instituição financeira,2018-01-01,fevereiro,0
Sergipe,Roubo de carga,2018-01-01,fevereiro,0
Sergipe,Roubo de veículo,2018-01-01,fevereiro,267
Sergipe,Furto de veículo,2018-01-01,março,69
Sergipe,Roubo a instituição financeira,2018-01-01,março,0
Sergipe,Roubo de carga,2018-01-01,março,0
Sergipe,Roubo de veículo,2018-01-01,março,263
Sergipe,Furto de veículo,2018-01-01,abril,65
Sergipe,Roubo a instituição financeira,2018-01-01,abril,0
Sergipe,Roubo de carga,2018-01-01,abril,0
Sergipe,Roubo de veículo,2018-01-01,abril,285
Sergipe,Furto de veículo,2018-01-01,maio,75
Sergipe,Roubo a instituição financeira,2018-01-01,maio,0
Sergipe,Roubo de carga,2018-01-01,maio,0
Sergipe,Roubo de veículo,2018-01-01,maio,201
Sergipe,Furto de veículo,2018-01-01,junho,63
Sergipe,Roubo a instituição financeira,2018-01-01,junho,0
Sergipe,Roubo de carga,2018-01-01,junho,0
Sergipe,Roubo de veículo,2018-01-01,junho,187
Sergipe,Furto de veículo,2018-01-01,julho,70
Sergipe,Roubo a instituição financeira,2018-01-01,julho,0
Sergipe,Roubo de carga,2018-01-01,julho,0
Sergipe,Roubo de veículo,2018-01-01,julho,219
Sergipe,Furto de veículo,2018-01-01,agosto,52
Sergipe,Roubo a instituição financeira,2018-01-01,agosto,0
Sergipe,Roubo de carga,2018-01-01,agosto,0
Sergipe,Roubo de veículo,2018-01-01,agosto,201
Sergipe,Furto de veículo,2018-01-01,setembro,65
Sergipe,Roubo a instituição financeira,2018-01-01,setembro,0
Sergipe,Roubo de carga,2018-01-01,setembro,0
Sergipe,Roubo de veículo,2018-01-01,setembro,186
Sergipe,Furto de veículo,2018-01-01,outubro,73
Sergipe,Roubo a instituição financeira,2018-01-01,outubro,0
Sergipe,Roubo de carga,2018-01-01,outubro,1
Sergipe,Roubo de veículo,2018-01-01,outubro,229
Sergipe,Furto de veículo,2018-01-01,novembro,58
Sergipe,Roubo a instituição financeira,2018-01-01,novembro,0
Sergipe,Roubo de carga,2018-01-01,novembro,0
Sergipe,Roubo de veículo,2018-01-01,novembro,222
Sergipe,Furto de veículo,2018-01-01,dezembro,36
Sergipe,Roubo a instituição financeira,2018-01-01,dezembro,0
Sergipe,Roubo de carga,2018-01-01,dezembro,0
Sergipe,Roubo de veículo,2018-01-01,dezembro,155
Sergipe,Furto de veículo,2017-01-01,janeiro,97
Sergipe,Roubo a instituição financeira,2017-01-01,janeiro,1
Sergipe,Roubo de carga,2017-01-01,janeiro,0
Sergipe,Roubo de veículo,2017-01-01,janeiro,264
Sergipe,Furto de veículo,2017-01-01,fevereiro,76
Sergipe,Roubo a instituição financeira,2017-01-01,fevereiro,0
Sergipe,Roubo de carga,2017-01-01,fevereiro,4
Sergipe,Roubo de veículo,2017-01-01,fevereiro,214
Sergipe,Furto de veículo,2017-01-01,março,67
Sergipe,Roubo a instituição financeira,2017-01-01,março,1
Sergipe,Roubo de carga,2017-01-01,março,1
Sergipe,Roubo de veículo,2017-01-01,março,221
Sergipe,Furto de veículo,2017-01-01,abril,66
Sergipe,Roubo a instituição financeira,2017-01-01,abril,0
Sergipe,Roubo de carga,2017-01-01,abril,2
Sergipe,Roubo de veículo,2017-01-01,abril,214
Sergipe,Furto de veículo,2017-01-01,maio,89
Sergipe,Roubo a instituição financeira,2017-01-01,maio,0
Sergipe,Roubo de carga,2017-01-01,maio,2
Sergipe,Roubo de veículo,2017-01-01,maio,218
Sergipe,Furto de veículo,2017-01-01,junho,91
Sergipe,Roubo a instituição financeira,2017-01-01,junho,1
Sergipe,Roubo de carga,2017-01-01,junho,1
Sergipe,Roubo de veículo,2017-01-01,junho,209
Sergipe,Furto de veículo,2017-01-01,julho,72
Sergipe,Roubo a instituição financeira,2017-01-01,julho,1
Sergipe,Roubo de carga,2017-01-01,julho,0
Sergipe,Roubo de veículo,2017-01-01,julho,223
Sergipe,Furto de veículo,2017-01-01,agosto,75
Sergipe,Roubo a instituição financeira,2017-01-01,agosto,0
Sergipe,Roubo de carga,2017-01-01,agosto,2
Sergipe,Roubo de veículo,2017-01-01,agosto,221
Sergipe,Furto de veículo,2017-01-01,setembro,65
Sergipe,Roubo a instituição financeira,2017-01-01,setembro,1
Sergipe,Roubo de carga,2017-01-01,setembro,1
Sergipe,Roubo de veículo,2017-01-01,setembro,243
Sergipe,Furto de veículo,2017-01-01,outubro,67
Sergipe,Roubo a instituição financeira,2017-01-01,outubro,0
Sergipe,Roubo de carga,2017-01-01,outubro,2
Sergipe,Roubo de veículo,2017-01-01,outubro,277
Sergipe,Furto de veículo,2017-01-01,novembro,74
Sergipe,Roubo a instituição financeira,2017-01-01,novembro,3
Sergipe,Roubo de carga,2017-01-01,novembro,0
Sergipe,Roubo de veículo,2017-01-01,novembro,252
Sergipe,Furto de veículo,2017-01-01,dezembro,47
Sergipe,Roubo a instituição financeira,2017-01-01,dezembro,0
Sergipe,Roubo de carga,2017-01-01,dezembro,0
Sergipe,Roubo de veículo,2017-01-01,dezembro,259
Sergipe,Furto de veículo,2016-01-01,janeiro,83
Sergipe,Roubo a instituição financeira,2016-01-01,janeiro,2
Sergipe,Roubo de carga,2016-01-01,janeiro,3
Sergipe,Roubo de veículo,2016-01-01,janeiro,185
Sergipe,Furto de veículo,2016-01-01,fevereiro,85
Sergipe,Roubo a instituição financeira,2016-01-01,fevereiro,0
Sergipe,Roubo de carga,2016-01-01,fevereiro,6
Sergipe,Roubo de veículo,2016-01-01,fevereiro,175
Sergipe,Furto de veículo,2016-01-01,março,76
Sergipe,Roubo a instituição financeira,2016-01-01,março,2
Sergipe,Roubo de carga,2016-01-01,março,4
Sergipe,Roubo de veículo,2016-01-01,março,163
Sergipe,Furto de veículo,2016-01-01,abril,68
Sergipe,Roubo a instituição financeira,2016-01-01,abril,1
Sergipe,Roubo de carga,2016-01-01,abril,4
Sergipe,Roubo de veículo,2016-01-01,abril,182
Sergipe,Furto de veículo,2016-01-01,maio,86
Sergipe,Roubo a instituição financeira,2016-01-01,maio,0
Sergipe,Roubo de carga,2016-01-01,maio,9
Sergipe,Roubo de veículo,2016-01-01,maio,245
Sergipe,Furto de veículo,2016-01-01,junho,80
Sergipe,Roubo a instituição financeira,2016-01-01,junho,0
Sergipe,Roubo de carga,2016-01-01,junho,1
Sergipe,Roubo de veículo,2016-01-01,junho,240
Sergipe,Furto de veículo,2016-01-01,julho,95
Sergipe,Roubo a instituição financeira,2016-01-01,julho,0
Sergipe,Roubo de carga,2016-01-01,julho,0
Sergipe,Roubo de veículo,2016-01-01,julho,226
Sergipe,Furto de veículo,2016-01-01,agosto,76
Sergipe,Roubo a instituição financeira,2016-01-01,agosto,0
Sergipe,Roubo de carga,2016-01-01,agosto,4
Sergipe,Roubo de veículo,2016-01-01,agosto,226
Sergipe,Furto de veículo,2016-01-01,setembro,98
Sergipe,Roubo a instituição financeira,2016-01-01,setembro,0
Sergipe,Roubo de carga,2016-01-01,setembro,3
Sergipe,Roubo de veículo,2016-01-01,setembro,279
Sergipe,Furto de veículo,2016-01-01,outubro,104
Sergipe,Roubo a instituição financeira,2016-01-01,outubro,0
Sergipe,Roubo de carga,2016-01-01,outubro,3
Sergipe,Roubo de veículo,2016-01-01,outubro,282
Sergipe,Furto de veículo,2016-01-01,novembro,90
Sergipe,Roubo a instituição financeira,2016-01-01,novembro,0
Sergipe,Roubo de carga,2016-01-01,novembro,4
Sergipe,Roubo de veículo,2016-01-01,novembro,245
Sergipe,Furto de veículo,2016-01-01,dezembro,86
Sergipe,Roubo a instituição financeira,2016-01-01,dezembro,0
Sergipe,Roubo de carga,2016-01-01,dezembro,0
Sergipe,Roubo de veículo,2016-01-01,dezembro,229
Sergipe,Furto de veículo,2015-01-01,janeiro,58
Sergipe,Roubo a instituição financeira,2015-01-01,janeiro,5
Sergipe,Roubo de carga,2015-01-01,janeiro,5
Sergipe,Roubo de veículo,2015-01-01,janeiro,191
Sergipe,Furto de veículo,2015-01-01,fevereiro,50
Sergipe,Roubo a instituição financeira,2015-01-01,fevereiro,0
Sergipe,Roubo de carga,2015-01-01,fevereiro,6
Sergipe,Roubo de veículo,2015-01-01,fevereiro,132
Sergipe,Furto de veículo,2015-01-01,março,52
Sergipe,Roubo a instituição financeira,2015-01-01,março,2
Sergipe,Roubo de carga,2015-01-01,março,7
Sergipe,Roubo de veículo,2015-01-01,março,100
Sergipe,Furto de veículo,2015-01-01,abril,45
Sergipe,Roubo a instituição financeira,2015-01-01,abril,1
Sergipe,Roubo de carga,2015-01-01,abril,2
Sergipe,Roubo de veículo,2015-01-01,abril,114
Sergipe,Furto de veículo,2015-01-01,maio,45
Sergipe,Roubo a instituição financeira,2015-01-01,maio,3
Sergipe,Roubo de carga,2015-01-01,maio,4
Sergipe,Roubo de veículo,2015-01-01,maio,144
Sergipe,Furto de veículo,2015-01-01,junho,59
Sergipe,Roubo a instituição financeira,2015-01-01,junho,2
Sergipe,Roubo de carga,2015-01-01,junho,0
Sergipe,Roubo de veículo,2015-01-01,junho,104
Sergipe,Furto de veículo,2015-01-01,julho,69
Sergipe,Roubo a instituição financeira,2015-01-01,julho,2
Sergipe,Roubo de carga,2015-01-01,julho,7
Sergipe,Roubo de veículo,2015-01-01,julho,140
Sergipe,Furto de veículo,2015-01-01,agosto,61
Sergipe,Roubo a instituição financeira,2015-01-01,agosto,2
Sergipe,Roubo de carga,2015-01-01,agosto,6
Sergipe,Roubo de veículo,2015-01-01,agosto,138
Sergipe,Furto de veículo,2015-01-01,setembro,55
Sergipe,Roubo a instituição financeira,2015-01-01,setembro,4
Sergipe,Roubo de carga,2015-01-01,setembro,2
Sergipe,Roubo de veículo,2015-01-01,setembro,152
Sergipe,Furto de veículo,2015-01-01,outubro,42
Sergipe,Roubo a instituição financeira,2015-01-01,outubro,1
Sergipe,Roubo de carga,2015-01-01,outubro,6
Sergipe,Roubo de veículo,2015-01-01,outubro,163
Sergipe,Furto de veículo,2015-01-01,novembro,49
Sergipe,Roubo a instituição financeira,2015-01-01,novembro,7
Sergipe,Roubo de carga,2015-01-01,novembro,2
Sergipe,Roubo de veículo,2015-01-01,novembro,158
Sergipe,Furto de veículo,2015-01-01,dezembro,68
Sergipe,Roubo a instituição financeira,2015-01-01,dezembro,1
Sergipe,Roubo de carga,2015-01-01,dezembro,4
Sergipe,Roubo de veículo,2015-01-01,dezembro,192
