ANO,MÊS,LOCALIZAÇÃO,PRODUÇÃO,REGIÃO
1997-01-01,ABR,MAR,"3093241,0",BRASIL
1997-01-01,AGO,MAR,"3131999,0",BRASIL
1997-01-01,DEZ,MAR,"3524387,0",BRASIL
1997-01-01,FEV,MAR,"3125195,0",BRASIL
1997-01-01,JAN,MAR,"2998099,0",BRASIL
1997-01-01,JUL,MAR,"3226613,0",BRASIL
1997-01-01,JUN,MAR,"3124513,0",BRASIL
1997-01-01,MAI,MAR,"3100252,0",BRASIL
1997-01-01,MAR,MAR,"3235213,0",BRASIL
1997-01-01,NOV,MAR,"2941357,0",BRASIL
1997-01-01,OUT,MAR,"2724129,0",BRASIL
1997-01-01,SET,MAR,"3032661,0",BRASIL
1997-01-01,ABR,TERRA,"945044,0",BRASIL
1997-01-01,AGO,TERRA,"988923,0",BRASIL
1997-01-01,DEZ,TERRA,"994671,0",BRASIL
1997-01-01,FEV,TERRA,"949030,0",BRASIL
1997-01-01,JAN,TERRA,"955248,0",BRASIL
1997-01-01,JUL,TERRA,"987986,0",BRASIL
1997-01-01,JUN,TERRA,"957962,0",BRASIL
1997-01-01,MAI,TERRA,"927957,0",BRASIL
1997-01-01,MAR,TERRA,"975426,0",BRASIL
1997-01-01,NOV,TERRA,"894795,0",BRASIL
1997-01-01,OUT,TERRA,"905202,0",BRASIL
1997-01-01,SET,TERRA,"907406,0",BRASIL
1998-01-01,ABR,MAR,"3385296,0",BRASIL
1998-01-01,AGO,MAR,"3835634,0",BRASIL
1998-01-01,DEZ,MAR,"4526591,0",BRASIL
1998-01-01,FEV,MAR,"3163366,0",BRASIL
1998-01-01,JAN,MAR,"3347372,0",BRASIL
1998-01-01,JUL,MAR,"3741924,0",BRASIL
1998-01-01,JUN,MAR,"3548714,0",BRASIL
1998-01-01,MAI,MAR,"3683291,0",BRASIL
1998-01-01,MAR,MAR,"3551655,0",BRASIL
1998-01-01,NOV,MAR,"4059525,0",BRASIL
1998-01-01,OUT,MAR,"3816379,0",BRASIL
1998-01-01,SET,MAR,"3575836,0",BRASIL
1998-01-01,ABR,TERRA,"990443,0",BRASIL
1998-01-01,AGO,TERRA,"1029101,0",BRASIL
1998-01-01,DEZ,TERRA,"1060595,0",BRASIL
1998-01-01,FEV,TERRA,"907617,0",BRASIL
1998-01-01,JAN,TERRA,"1002136,0",BRASIL
1998-01-01,JUL,TERRA,"1038043,0",BRASIL
1998-01-01,JUN,TERRA,"992277,0",BRASIL
1998-01-01,MAI,TERRA,"1025229,0",BRASIL
1998-01-01,MAR,TERRA,"1019072,0",BRASIL
1998-01-01,NOV,TERRA,"1021641,0",BRASIL
1998-01-01,OUT,TERRA,"1052667,0",BRASIL
1998-01-01,SET,TERRA,"1011147,0",BRASIL
1999-01-01,ABR,MAR,"4197234,0",BRASIL
1999-01-01,AGO,MAR,"4383844,0",BRASIL
1999-01-01,DEZ,MAR,"4787385,04",BRASIL
1999-01-01,FEV,MAR,"3873356,0",BRASIL
1999-01-01,JAN,MAR,"4510067,0",BRASIL
1999-01-01,JUL,MAR,"4320929,0",BRASIL
1999-01-01,JUN,MAR,"4076340,0",BRASIL
1999-01-01,MAI,MAR,"4250017,0",BRASIL
1999-01-01,MAR,MAR,"4260566,0",BRASIL
1999-01-01,NOV,MAR,"4429757,6",BRASIL
1999-01-01,OUT,MAR,"4380466,0",BRASIL
1999-01-01,SET,MAR,"4291767,0",BRASIL
1999-01-01,ABR,TERRA,"988826,2",BRASIL
1999-01-01,AGO,TERRA,"994455,6",BRASIL
1999-01-01,DEZ,TERRA,"1037583,0",BRASIL
1999-01-01,FEV,TERRA,"939193,0",BRASIL
1999-01-01,JAN,TERRA,"1031790,0",BRASIL
1999-01-01,JUL,TERRA,"990226,9",BRASIL
1999-01-01,JUN,TERRA,"959246,4",BRASIL
1999-01-01,MAI,TERRA,"1006417,0",BRASIL
1999-01-01,MAR,TERRA,"1030785,0",BRASIL
1999-01-01,NOV,TERRA,"986352,5",BRASIL
1999-01-01,OUT,TERRA,"1008154,0",BRASIL
1999-01-01,SET,TERRA,"982922,0",BRASIL
2000-01-01,ABR,MAR,"4554340,2",BRASIL
2000-01-01,AGO,MAR,"4862133,85",BRASIL
2000-01-01,DEZ,MAR,"5954938,0",BRASIL
2000-01-01,FEV,MAR,"4205491,2",BRASIL
2000-01-01,JAN,MAR,"4640892,34",BRASIL
2000-01-01,JUL,MAR,"4807821,49",BRASIL
2000-01-01,JUN,MAR,"4762535,63",BRASIL
2000-01-01,MAI,MAR,"4705190,09",BRASIL
2000-01-01,MAR,MAR,"4842792,84",BRASIL
2000-01-01,NOV,MAR,"5511167,0",BRASIL
2000-01-01,OUT,MAR,"5439628,98",BRASIL
2000-01-01,SET,MAR,"5223469,17",BRASIL
2000-01-01,ABR,TERRA,"984367,0",BRASIL
2000-01-01,AGO,TERRA,"1014482,0",BRASIL
2000-01-01,DEZ,TERRA,"1038757,0",BRASIL
2000-01-01,FEV,TERRA,"961818,5",BRASIL
2000-01-01,JAN,TERRA,"1049901,0",BRASIL
2000-01-01,JUL,TERRA,"1043369,0",BRASIL
2000-01-01,JUN,TERRA,"1001977,0",BRASIL
2000-01-01,MAI,TERRA,"1007988,0",BRASIL
2000-01-01,MAR,TERRA,"1018711,0",BRASIL
2000-01-01,NOV,TERRA,"1002388,0",BRASIL
2000-01-01,OUT,TERRA,"1036968,0",BRASIL
2000-01-01,SET,TERRA,"972567,0",BRASIL
2001-01-01,ABR,MAR,"5055939,0",BRASIL
2001-01-01,AGO,MAR,"5293648,0",BRASIL
2001-01-01,DEZ,MAR,"5973263,0",BRASIL
2001-01-01,FEV,MAR,"5036256,0",BRASIL
2001-01-01,JAN,MAR,"5455645,66",BRASIL
2001-01-01,JUL,MAR,"5396794,0",BRASIL
2001-01-01,JUN,MAR,"5164427,0",BRASIL
2001-01-01,MAI,MAR,"4880571,0",BRASIL
2001-01-01,MAR,MAR,"5203271,0",BRASIL
2001-01-01,NOV,MAR,"5371543,49",BRASIL
2001-01-01,OUT,MAR,"4738779,0",BRASIL
2001-01-01,SET,MAR,"5180795,0",BRASIL
2001-01-01,ABR,TERRA,"996871,0",BRASIL
2001-01-01,AGO,TERRA,"1044377,0",BRASIL
2001-01-01,DEZ,TERRA,"1038564,23",BRASIL
2001-01-01,FEV,TERRA,"934984,0",BRASIL
2001-01-01,JAN,TERRA,"1042759,0",BRASIL
2001-01-01,JUL,TERRA,"1031330,0",BRASIL
2001-01-01,JUN,TERRA,"1009042,0",BRASIL
2001-01-01,MAI,TERRA,"1039956,0",BRASIL
2001-01-01,MAR,TERRA,"1007949,0",BRASIL
2001-01-01,NOV,TERRA,"1012876,87",BRASIL
2001-01-01,OUT,TERRA,"1067830,0",BRASIL
2001-01-01,SET,TERRA,"1042490,4",BRASIL
2002-01-01,ABR,MAR,"5992671,0",BRASIL
2002-01-01,AGO,MAR,"6335294,0",BRASIL
2002-01-01,DEZ,MAR,"5567972,0",BRASIL
2002-01-01,FEV,MAR,"5417086,0",BRASIL
2002-01-01,JAN,MAR,"6035356,0",BRASIL
2002-01-01,JUL,MAR,"6096584,0",BRASIL
2002-01-01,JUN,MAR,"6111389,0",BRASIL
2002-01-01,MAI,MAR,"6244355,0",BRASIL
2002-01-01,MAR,MAR,"6126722,0",BRASIL
2002-01-01,NOV,MAR,"5652964,0",BRASIL
2002-01-01,OUT,MAR,"6216292,0",BRASIL
2002-01-01,SET,MAR,"6049914,0",BRASIL
2002-01-01,ABR,TERRA,"1015250,28",BRASIL
2002-01-01,AGO,TERRA,"1078384,58",BRASIL
2002-01-01,DEZ,TERRA,"1048231,3",BRASIL
2002-01-01,FEV,TERRA,"972009,2",BRASIL
2002-01-01,JAN,TERRA,"1071539,01",BRASIL
2002-01-01,JUL,TERRA,"1068145,06",BRASIL
2002-01-01,JUN,TERRA,"1055362,3",BRASIL
2002-01-01,MAI,TERRA,"1061577,8",BRASIL
2002-01-01,MAR,TERRA,"1052350,1099999999",BRASIL
2002-01-01,NOV,TERRA,"1023748,79",BRASIL
2002-01-01,OUT,TERRA,"1069981,26",BRASIL
2002-01-01,SET,TERRA,"1035787,59",BRASIL
2003-01-01,ABR,MAR,"6213853,0",BRASIL
2003-01-01,AGO,MAR,"6502210,859999999",BRASIL
2003-01-01,DEZ,MAR,"6209221,16",BRASIL
2003-01-01,FEV,MAR,"5886277,0",BRASIL
2003-01-01,JAN,MAR,"6348442,0",BRASIL
2003-01-01,JUL,MAR,"6297165,0",BRASIL
2003-01-01,JUN,MAR,"5519162,0",BRASIL
2003-01-01,MAI,MAR,"6278822,0",BRASIL
2003-01-01,MAR,MAR,"6373407,0",BRASIL
2003-01-01,NOV,MAR,"6015699,57",BRASIL
2003-01-01,OUT,MAR,"6290594,140000001",BRASIL
2003-01-01,SET,MAR,"6207477,94",BRASIL
2003-01-01,ABR,TERRA,"1036360,73",BRASIL
2003-01-01,AGO,TERRA,"1092961,87",BRASIL
2003-01-01,DEZ,TERRA,"1088482,05",BRASIL
2003-01-01,FEV,TERRA,"985852,8300000001",BRASIL
2003-01-01,JAN,TERRA,"1061350,4",BRASIL
2003-01-01,JUL,TERRA,"1051931,34",BRASIL
2003-01-01,JUN,TERRA,"1026042,61",BRASIL
2003-01-01,MAI,TERRA,"1053408,94",BRASIL
2003-01-01,MAR,TERRA,"1079783,48",BRASIL
2003-01-01,NOV,TERRA,"1047268,76",BRASIL
2003-01-01,OUT,TERRA,"1099644,75",BRASIL
2003-01-01,SET,TERRA,"1054277,8",BRASIL
2004-01-01,ABR,MAR,"5886136,0",BRASIL
2004-01-01,AGO,MAR,"6330280,0",BRASIL
2004-01-01,DEZ,MAR,"6334513,35",BRASIL
2004-01-01,FEV,MAR,"5703967,600000001",BRASIL
2004-01-01,JAN,MAR,"6112553,0",BRASIL
2004-01-01,JUL,MAR,"6399493,0",BRASIL
2004-01-01,JUN,MAR,"6035922,0",BRASIL
2004-01-01,MAI,MAR,"5945086,89",BRASIL
2004-01-01,MAR,MAR,"6228257,0",BRASIL
2004-01-01,NOV,MAR,"5911374,61",BRASIL
2004-01-01,OUT,MAR,"6333894,41",BRASIL
2004-01-01,SET,MAR,"6244019,65",BRASIL
2004-01-01,ABR,TERRA,"1025392,0",BRASIL
2004-01-01,AGO,TERRA,"1072997,1099999999",BRASIL
2004-01-01,DEZ,TERRA,"1029939,89",BRASIL
2004-01-01,FEV,TERRA,"990596,29",BRASIL
2004-01-01,JAN,TERRA,"1069982,0",BRASIL
2004-01-01,JUL,TERRA,"1059465,0",BRASIL
2004-01-01,JUN,TERRA,"1030706,0",BRASIL
2004-01-01,MAI,TERRA,"1056662,31",BRASIL
2004-01-01,MAR,TERRA,"1066485,0",BRASIL
2004-01-01,NOV,TERRA,"1015888,14",BRASIL
2004-01-01,OUT,TERRA,"1062535,66",BRASIL
2004-01-01,SET,TERRA,"1020832,73",BRASIL
2005-01-01,ABR,MAR,"7003196,99",BRASIL
2005-01-01,AGO,MAR,"6994659,0",BRASIL
2005-01-01,DEZ,MAR,"7336324,37",BRASIL
2005-01-01,FEV,MAR,"5723694,390000001",BRASIL
2005-01-01,JAN,MAR,"6360264,7700000005",BRASIL
2005-01-01,JUL,MAR,"7261223,0",BRASIL
2005-01-01,JUN,MAR,"7113221,0",BRASIL
2005-01-01,MAI,MAR,"7305412,489999999",BRASIL
2005-01-01,MAR,MAR,"6561905,24",BRASIL
2005-01-01,NOV,MAR,"7017071,0",BRASIL
2005-01-01,OUT,MAR,"7227428,0",BRASIL
2005-01-01,SET,MAR,"6974321,0",BRASIL
2005-01-01,ABR,TERRA,"991873,13",BRASIL
2005-01-01,AGO,TERRA,"1018427,0",BRASIL
2005-01-01,DEZ,TERRA,"966068,48",BRASIL
2005-01-01,FEV,TERRA,"920712,39",BRASIL
2005-01-01,JAN,TERRA,"1021989,03",BRASIL
2005-01-01,JUL,TERRA,"1021087,0",BRASIL
2005-01-01,JUN,TERRA,"987510,0",BRASIL
2005-01-01,MAI,TERRA,"1019271,3",BRASIL
2005-01-01,MAR,TERRA,"1019996,26",BRASIL
2005-01-01,NOV,TERRA,"968419,0",BRASIL
2005-01-01,OUT,TERRA,"1006269,0",BRASIL
2005-01-01,SET,TERRA,"976390,0",BRASIL
2006-01-01,ABR,MAR,"7352839,87",BRASIL
2006-01-01,AGO,MAR,"7433653,13",BRASIL
2006-01-01,DEZ,MAR,"7867335,89",BRASIL
2006-01-01,FEV,MAR,"6660457,47",BRASIL
2006-01-01,JAN,MAR,"7350564,53",BRASIL
2006-01-01,JUL,MAR,"7554330,96",BRASIL
2006-01-01,JUN,MAR,"6857517,26",BRASIL
2006-01-01,MAI,MAR,"7657973,83",BRASIL
2006-01-01,MAR,MAR,"7395288,56",BRASIL
2006-01-01,NOV,MAR,"7505873,58",BRASIL
2006-01-01,OUT,MAR,"7726065,97",BRASIL
2006-01-01,SET,MAR,"7345931,2",BRASIL
2006-01-01,ABR,TERRA,"933258,4",BRASIL
2006-01-01,AGO,TERRA,"959440,74",BRASIL
2006-01-01,DEZ,TERRA,"941398,676",BRASIL
2006-01-01,FEV,TERRA,"873002,7",BRASIL
2006-01-01,JAN,TERRA,"970797,1399999999",BRASIL
2006-01-01,JUL,TERRA,"948431,5900000001",BRASIL
2006-01-01,JUN,TERRA,"919030,01",BRASIL
2006-01-01,MAI,TERRA,"957771,271",BRASIL
2006-01-01,MAR,TERRA,"962778,3319999999",BRASIL
2006-01-01,NOV,TERRA,"919478,8",BRASIL
2006-01-01,OUT,TERRA,"957727,31",BRASIL
2006-01-01,SET,TERRA,"919666,23",BRASIL
2007-01-01,ABR,MAR,"7374171,35",BRASIL
2007-01-01,AGO,MAR,"7732074,184",BRASIL
2007-01-01,DEZ,MAR,"7965384,96",BRASIL
2007-01-01,FEV,MAR,"6969331,83",BRASIL
2007-01-01,JAN,MAR,"7610599,14",BRASIL
2007-01-01,JUL,MAR,"7805486,72",BRASIL
2007-01-01,JUN,MAR,"7574245,14",BRASIL
2007-01-01,MAI,MAR,"7564711,41",BRASIL
2007-01-01,MAR,MAR,"7770144,51",BRASIL
2007-01-01,NOV,MAR,"7253645,19",BRASIL
2007-01-01,OUT,MAR,"7381948,23",BRASIL
2007-01-01,SET,MAR,"7322827,24",BRASIL
2007-01-01,ABR,TERRA,"920407,28",BRASIL
2007-01-01,AGO,TERRA,"934510,181",BRASIL
2007-01-01,DEZ,TERRA,"937123,799",BRASIL
2007-01-01,FEV,TERRA,"857835,506",BRASIL
2007-01-01,JAN,TERRA,"946860,6799999999",BRASIL
2007-01-01,JUL,TERRA,"937056,057",BRASIL
2007-01-01,JUN,TERRA,"933408,325",BRASIL
2007-01-01,MAI,TERRA,"941432,82",BRASIL
2007-01-01,MAR,TERRA,"949055,98",BRASIL
2007-01-01,NOV,TERRA,"908975,486",BRASIL
2007-01-01,OUT,TERRA,"933737,021",BRASIL
2007-01-01,SET,TERRA,"911655,542",BRASIL
2008-01-01,ABR,MAR,"7716143,54971",BRASIL
2008-01-01,AGO,MAR,"8180450,12092",BRASIL
2008-01-01,DEZ,MAR,"8203842,97653",BRASIL
2008-01-01,FEV,MAR,"7310508,506",BRASIL
2008-01-01,JAN,MAR,"7825548,85",BRASIL
2008-01-01,JUL,MAR,"8115512,555749999",BRASIL
2008-01-01,JUN,MAR,"7879558,3238200005",BRASIL
2008-01-01,MAI,MAR,"8064579,25689",BRASIL
2008-01-01,MAR,MAR,"7704818,53",BRASIL
2008-01-01,NOV,MAR,"7767767,18375",BRASIL
2008-01-01,OUT,MAR,"8145387,36016",BRASIL
2008-01-01,SET,MAR,"7991324,690789999",BRASIL
2008-01-01,ABR,TERRA,"857092,6878",BRASIL
2008-01-01,AGO,TERRA,"892651,4264",BRASIL
2008-01-01,DEZ,TERRA,"876180,5666",BRASIL
2008-01-01,FEV,TERRA,"858498,2993",BRASIL
2008-01-01,JAN,TERRA,"927452,3572",BRASIL
2008-01-01,JUL,TERRA,"878270,9667",BRASIL
2008-01-01,JUN,TERRA,"848241,31497",BRASIL
2008-01-01,MAI,TERRA,"882764,61472",BRASIL
2008-01-01,MAR,TERRA,"919691,5974",BRASIL
2008-01-01,NOV,TERRA,"852189,8441",BRASIL
2008-01-01,OUT,TERRA,"887151,348",BRASIL
2008-01-01,SET,TERRA,"866543,112",BRASIL
2009-01-01,ABR,MAR,"8412686,98966",BRASIL
2009-01-01,AGO,MAR,"8765546,39907",BRASIL
2009-01-01,DEZ,MAR,"8953173,0558",BRASIL
2009-01-01,FEV,MAR,"7688740,36087",BRASIL
2009-01-01,JAN,MAR,"8428911,26464",BRASIL
2009-01-01,JUL,MAR,"8561881,593630001",BRASIL
2009-01-01,JUN,MAR,"8294539,67124",BRASIL
2009-01-01,MAI,MAR,"8765590,01093",BRASIL
2009-01-01,MAR,MAR,"8710166,88078",BRASIL
2009-01-01,NOV,MAR,"8609403,139",BRASIL
2009-01-01,OUT,MAR,"8926329,087340001",BRASIL
2009-01-01,SET,MAR,"8655137,45924",BRASIL
2009-01-01,ABR,TERRA,"843731,8925",BRASIL
2009-01-01,AGO,TERRA,"895957,8016",BRASIL
2009-01-01,DEZ,TERRA,"898994,2975699999",BRASIL
2009-01-01,FEV,TERRA,"804855,2382",BRASIL
2009-01-01,JAN,TERRA,"881749,2443",BRASIL
2009-01-01,JUL,TERRA,"894475,572",BRASIL
2009-01-01,JUN,TERRA,"851660,5928",BRASIL
2009-01-01,MAI,TERRA,"870963,7457",BRASIL
2009-01-01,MAR,TERRA,"867005,3095",BRASIL
2009-01-01,NOV,TERRA,"864774,6505400001",BRASIL
2009-01-01,OUT,TERRA,"884053,74012",BRASIL
2009-01-01,SET,TERRA,"849796,2930000001",BRASIL
2010-01-01,ABR,MAR,"9059009,629",BRASIL
2010-01-01,AGO,MAR,"9330485,99435",BRASIL
2010-01-01,DEZ,MAR,"9832619,88398",BRASIL
2010-01-01,FEV,MAR,"8180646,431",BRASIL
2010-01-01,JAN,MAR,"8948391,51276",BRASIL
2010-01-01,JUL,MAR,"9245768,993959999",BRASIL
2010-01-01,JUN,MAR,"8925790,7947",BRASIL
2010-01-01,MAI,MAR,"9346849,04958",BRASIL
2010-01-01,MAR,MAR,"9162194,908",BRASIL
2010-01-01,NOV,MAR,"9096234,01619",BRASIL
2010-01-01,OUT,MAR,"8964631,0859",BRASIL
2010-01-01,SET,MAR,"8651476,18105",BRASIL
2010-01-01,ABR,TERRA,"848391,77462",BRASIL
2010-01-01,AGO,TERRA,"911902,16811",BRASIL
2010-01-01,DEZ,TERRA,"912090,6191700001",BRASIL
2010-01-01,FEV,TERRA,"796497,93106",BRASIL
2010-01-01,JAN,TERRA,"892642,5318100001",BRASIL
2010-01-01,JUL,TERRA,"885901,09263",BRASIL
2010-01-01,JUN,TERRA,"858674,87091",BRASIL
2010-01-01,MAI,TERRA,"881010,22433",BRASIL
2010-01-01,MAR,TERRA,"876219,05584",BRASIL
2010-01-01,NOV,TERRA,"867640,0838700001",BRASIL
2010-01-01,OUT,TERRA,"881217,39863",BRASIL
2010-01-01,SET,TERRA,"876625,51362",BRASIL
2011-01-01,ABR,MAR,"8919391,34393",BRASIL
2011-01-01,AGO,MAR,"9210694,42179",BRASIL
2011-01-01,DEZ,MAR,"10023999,48979",BRASIL
2011-01-01,FEV,MAR,"8363316,60262",BRASIL
2011-01-01,JAN,MAR,"9554046,09191",BRASIL
2011-01-01,JUL,MAR,"9335815,21144",BRASIL
2011-01-01,JUN,MAR,"9329253,36461",BRASIL
2011-01-01,MAI,MAR,"9335282,05374",BRASIL
2011-01-01,MAR,MAR,"9363383,161629999",BRASIL
2011-01-01,NOV,MAR,"9576821,42921",BRASIL
2011-01-01,OUT,MAR,"9471566,90155",BRASIL
2011-01-01,SET,MAR,"9129967,51238",BRASIL
2011-01-01,ABR,TERRA,"867397,1057",BRASIL
2011-01-01,AGO,TERRA,"903042,01578",BRASIL
2011-01-01,DEZ,TERRA,"888001,59787",BRASIL
2011-01-01,FEV,TERRA,"816602,05236",BRASIL
2011-01-01,JAN,TERRA,"905816,45038",BRASIL
2011-01-01,JUL,TERRA,"900317,91331",BRASIL
2011-01-01,JUN,TERRA,"863420,70528",BRASIL
2011-01-01,MAI,TERRA,"874908,14856",BRASIL
2011-01-01,MAR,TERRA,"898161,52761",BRASIL
2011-01-01,NOV,TERRA,"861315,44343",BRASIL
2011-01-01,OUT,TERRA,"901882,12948",BRASIL
2011-01-01,SET,TERRA,"882466,381",BRASIL
2012-01-01,ABR,MAR,"8798073,51596",BRASIL
2012-01-01,AGO,MAR,"8982673,646499999",BRASIL
2012-01-01,DEZ,MAR,"9460129,959",BRASIL
2012-01-01,FEV,MAR,"9345772,084290002",BRASIL
2012-01-01,JAN,MAR,"10127605,94279",BRASIL
2012-01-01,JUL,MAR,"9080367,64888",BRASIL
2012-01-01,JUN,MAR,"8824126,553820001",BRASIL
2012-01-01,MAI,MAR,"9193118,59848",BRASIL
2012-01-01,MAR,MAR,"9407661,05111",BRASIL
2012-01-01,NOV,MAR,"8889120,769000001",BRASIL
2012-01-01,OUT,MAR,"9022939,05299",BRASIL
2012-01-01,SET,MAR,"8309110,3040000005",BRASIL
2012-01-01,ABR,TERRA,"843861,62962",BRASIL
2012-01-01,AGO,TERRA,"894657,51451",BRASIL
2012-01-01,DEZ,TERRA,"913219,55629",BRASIL
2012-01-01,FEV,TERRA,"820928,96915",BRASIL
2012-01-01,JAN,TERRA,"865910,05343",BRASIL
2012-01-01,JUL,TERRA,"891405,3675500001",BRASIL
2012-01-01,JUN,TERRA,"871538,62729",BRASIL
2012-01-01,MAI,TERRA,"899498,05733",BRASIL
2012-01-01,MAR,TERRA,"879932,72817",BRASIL
2012-01-01,NOV,TERRA,"863706,94184",BRASIL
2012-01-01,OUT,TERRA,"889697,12263",BRASIL
2012-01-01,SET,TERRA,"866112,10916",BRASIL
2013-01-01,ABR,MAR,"8312225,673",BRASIL
2013-01-01,AGO,MAR,"9062192,85804",BRASIL
2013-01-01,DEZ,MAR,"9554493,93011",BRASIL
2013-01-01,FEV,MAR,"8170514,54599",BRASIL
2013-01-01,JAN,MAR,"9240824,23399",BRASIL
2013-01-01,JUL,MAR,"8890390,486920001",BRASIL
2013-01-01,JUN,MAR,"9186636,098979998",BRASIL
2013-01-01,MAI,MAR,"8955528,905000001",BRASIL
2013-01-01,MAR,MAR,"8245915,73299",BRASIL
2013-01-01,NOV,MAR,"9106928,46496",BRASIL
2013-01-01,OUT,MAR,"9402526,40402",BRASIL
2013-01-01,SET,MAR,"9159686,97797",BRASIL
2013-01-01,ABR,TERRA,"858857,03742",BRASIL
2013-01-01,AGO,TERRA,"849252,09646",BRASIL
2013-01-01,DEZ,TERRA,"841321,3013800001",BRASIL
2013-01-01,FEV,TERRA,"809784,46884",BRASIL
2013-01-01,JAN,TERRA,"880509,07242",BRASIL
2013-01-01,JUL,TERRA,"840888,66949",BRASIL
2013-01-01,JUN,TERRA,"834089,87067",BRASIL
2013-01-01,MAI,TERRA,"868700,56688",BRASIL
2013-01-01,MAR,TERRA,"885050,90103",BRASIL
2013-01-01,NOV,TERRA,"819183,9697499999",BRASIL
2013-01-01,OUT,TERRA,"842852,30594",BRASIL
2013-01-01,SET,TERRA,"827658,90715",BRASIL
2014-01-01,ABR,MAR,"9423685,26795",BRASIL
2014-01-01,AGO,MAR,"10638949,245000001",BRASIL
2014-01-01,DEZ,MAR,"11492202,894",BRASIL
2014-01-01,FEV,MAR,"8537542,115",BRASIL
2014-01-01,JAN,MAR,"9293426,52103",BRASIL
2014-01-01,JUL,MAR,"10338933,53902",BRASIL
2014-01-01,JUN,MAR,"9899824,30808",BRASIL
2014-01-01,MAI,MAR,"9949972,47202",BRASIL
2014-01-01,MAR,MAR,"9599432,963",BRASIL
2014-01-01,NOV,MAR,"10453524,657000002",BRASIL
2014-01-01,OUT,MAR,"10967750,16701",BRASIL
2014-01-01,SET,MAR,"10449896,033",BRASIL
2014-01-01,ABR,TERRA,"812625,28217",BRASIL
2014-01-01,AGO,TERRA,"826548,53328",BRASIL
2014-01-01,DEZ,TERRA,"815667,02341",BRASIL
2014-01-01,FEV,TERRA,"765033,40655",BRASIL
2014-01-01,JAN,TERRA,"822793,3615700001",BRASIL
2014-01-01,JUL,TERRA,"835617,33846",BRASIL
2014-01-01,JUN,TERRA,"810358,7629099999",BRASIL
2014-01-01,MAI,TERRA,"840562,6117100001",BRASIL
2014-01-01,MAR,TERRA,"842544,65597",BRASIL
2014-01-01,NOV,TERRA,"792216,77569",BRASIL
2014-01-01,OUT,TERRA,"826777,55612",BRASIL
2014-01-01,SET,TERRA,"799222,67338",BRASIL
2015-01-01,ABR,MAR,"10651329,618",BRASIL
2015-01-01,AGO,MAR,"11771913,626",BRASIL
2015-01-01,DEZ,MAR,"11701907,728",BRASIL
2015-01-01,FEV,MAR,"10090173,313000001",BRASIL
2015-01-01,JAN,MAR,"11362685,91799",BRASIL
2015-01-01,JUL,MAR,"11368775,888",BRASIL
2015-01-01,JUN,MAR,"10666288,41",BRASIL
2015-01-01,MAI,MAR,"11094683,027",BRASIL
2015-01-01,MAR,MAR,"11091067,46",BRASIL
2015-01-01,NOV,MAR,"10631444,302",BRASIL
2015-01-01,OUT,MAR,"11071460,694",BRASIL
2015-01-01,SET,MAR,"10664100,173",BRASIL
2015-01-01,ABR,TERRA,"767998,50967",BRASIL
2015-01-01,AGO,TERRA,"780674,56231",BRASIL
2015-01-01,DEZ,TERRA,"779117,2371200001",BRASIL
2015-01-01,FEV,TERRA,"733364,68348",BRASIL
2015-01-01,JAN,TERRA,"808320,05352",BRASIL
2015-01-01,JUL,TERRA,"784983,42539",BRASIL
2015-01-01,JUN,TERRA,"761582,5852",BRASIL
2015-01-01,MAI,TERRA,"793578,60678",BRASIL
2015-01-01,MAR,TERRA,"802450,97049",BRASIL
2015-01-01,NOV,TERRA,"717976,98068",BRASIL
2015-01-01,OUT,TERRA,"788997,21291",BRASIL
2015-01-01,SET,TERRA,"760672,93636",BRASIL
2016-01-01,ABR,MAR,"10187407,339",BRASIL
2016-01-01,AGO,MAR,"12138520,52702",BRASIL
2016-01-01,DEZ,MAR,"12768143,667089999",BRASIL
2016-01-01,FEV,MAR,"10039976,51807",BRASIL
2016-01-01,JAN,MAR,"10824971,688000001",BRASIL
2016-01-01,JUL,MAR,"11995754,246110002",BRASIL
2016-01-01,JUN,MAR,"11474986,75903",BRASIL
2016-01-01,MAI,MAR,"11498667,30398",BRASIL
2016-01-01,MAR,MAR,"10395887,46404",BRASIL
2016-01-01,NOV,MAR,"11760134,77005",BRASIL
2016-01-01,OUT,MAR,"12242326,371",BRASIL
2016-01-01,SET,MAR,"12045165,000029998",BRASIL
2016-01-01,ABR,TERRA,"735683,53976",BRASIL
2016-01-01,AGO,TERRA,"718944,2584599999",BRASIL
2016-01-01,DEZ,TERRA,"686173,68734",BRASIL
2016-01-01,FEV,TERRA,"725947,03648",BRASIL
2016-01-01,JAN,TERRA,"772197,16263",BRASIL
2016-01-01,JUL,TERRA,"737304,82377",BRASIL
2016-01-01,JUN,TERRA,"727880,6432500001",BRASIL
2016-01-01,MAI,TERRA,"759315,617",BRASIL
2016-01-01,MAR,TERRA,"763590,9531800001",BRASIL
2016-01-01,NOV,TERRA,"681536,8447199999",BRASIL
2016-01-01,OUT,TERRA,"689735,66071",BRASIL
2016-01-01,SET,TERRA,"696325,20329",BRASIL
2017-01-01,ABR,MAR,"11503536,66802",BRASIL
2017-01-01,AGO,MAR,"12078697,85595",BRASIL
2017-01-01,DEZ,MAR,"12290420,812949998",BRASIL
2017-01-01,FEV,MAR,"11312271,50026",BRASIL
2017-01-01,JAN,MAR,"12568056,864920001",BRASIL
2017-01-01,JUL,MAR,"12301414,5782",BRASIL
2017-01-01,JUN,MAR,"12153967,34763",BRASIL
2017-01-01,MAI,MAR,"12443168,560160002",BRASIL
2017-01-01,MAR,MAR,"11925716,21841",BRASIL
2017-01-01,NOV,MAR,"11799630,79989",BRASIL
2017-01-01,OUT,MAR,"12334334,644669998",BRASIL
2017-01-01,SET,MAR,"12054158,19352",BRASIL
2017-01-01,ABR,TERRA,"606391,52237",BRASIL
2017-01-01,AGO,TERRA,"617707,23801",BRASIL
2017-01-01,DEZ,TERRA,"584933,42642",BRASIL
2017-01-01,FEV,TERRA,"598106,17641",BRASIL
2017-01-01,JAN,TERRA,"672946,73187",BRASIL
2017-01-01,JUL,TERRA,"625646,8368299999",BRASIL
2017-01-01,JUN,TERRA,"603665,29204",BRASIL
2017-01-01,MAI,TERRA,"633777,30555",BRASIL
2017-01-01,MAR,TERRA,"642067,31096",BRASIL
2017-01-01,NOV,TERRA,"575830,5052",BRASIL
2017-01-01,OUT,TERRA,"615221,27571",BRASIL
2017-01-01,SET,TERRA,"597692,91069",BRASIL
2018-01-01,ABR,MAR,"11844617,89028",BRASIL
2018-01-01,AGO,MAR,"11897809,53946",BRASIL
2018-01-01,DEZ,MAR,"12727930,693139998",BRASIL
2018-01-01,FEV,MAR,"11122089,89035",BRASIL
2018-01-01,JAN,MAR,"12301632,635529999",BRASIL
2018-01-01,JUL,MAR,"12151621,73005",BRASIL
2018-01-01,JUN,MAR,"11821096,594250001",BRASIL
2018-01-01,MAI,MAR,"12303100,150840001",BRASIL
2018-01-01,MAR,MAR,"12042545,041490002",BRASIL
2018-01-01,NOV,MAR,"11729617,39667",BRASIL
2018-01-01,OUT,MAR,"12354619,528080001",BRASIL
2018-01-01,SET,MAR,"11343536,48384",BRASIL
2018-01-01,ABR,TERRA,"540785,44022",BRASIL
2018-01-01,AGO,TERRA,"530884,4293",BRASIL
2018-01-01,DEZ,TERRA,"535019,56279",BRASIL
2018-01-01,FEV,TERRA,"529401,72072",BRASIL
2018-01-01,JAN,TERRA,"587627,40339",BRASIL
2018-01-01,JUL,TERRA,"540177,14592",BRASIL
2018-01-01,JUN,TERRA,"531478,79046",BRASIL
2018-01-01,MAI,TERRA,"548024,4628699999",BRASIL
2018-01-01,MAR,TERRA,"561378,90472",BRASIL
2018-01-01,NOV,TERRA,"515862,18678",BRASIL
2018-01-01,OUT,TERRA,"529408,37526",BRASIL
2018-01-01,SET,TERRA,"512420,16492999997",BRASIL
2019-01-01,ABR,MAR,"11924933,07476",BRASIL
2019-01-01,AGO,MAR,"14219372,08798",BRASIL
2019-01-01,DEZ,MAR,"14811390,847460002",BRASIL
2019-01-01,FEV,MAR,"10600974,73793",BRASIL
2019-01-01,JAN,MAR,"12431361,689100001",BRASIL
2019-01-01,JUL,MAR,"13177970,02767",BRASIL
2019-01-01,JUN,MAR,"11718761,57221",BRASIL
2019-01-01,MAI,MAR,"12959050,113499999",BRASIL
2019-01-01,MAR,MAR,"12095373,167149998",BRASIL
2019-01-01,NOV,MAR,"14245595,3858",BRASIL
2019-01-01,OUT,MAR,"14092416,903350001",BRASIL
2019-01-01,SET,MAR,"13456816,18925",BRASIL
2019-01-01,ABR,TERRA,"494689,72138",BRASIL
2019-01-01,AGO,TERRA,"514353,82915",BRASIL
2019-01-01,DEZ,TERRA,"499836,61777",BRASIL
2019-01-01,FEV,TERRA,"481056,69874",BRASIL
2019-01-01,JAN,TERRA,"535437,7005200001",BRASIL
2019-01-01,JUL,TERRA,"497445,38507",BRASIL
2019-01-01,JUN,TERRA,"479216,37825",BRASIL
2019-01-01,MAI,TERRA,"500823,56599",BRASIL
2019-01-01,MAR,TERRA,"522330,90478",BRASIL
2019-01-01,NOV,TERRA,"494760,2846",BRASIL
2019-01-01,OUT,TERRA,"515456,17157",BRASIL
2019-01-01,SET,TERRA,"505169,93859000003",BRASIL
2020-01-01,ABR,MAR,"13651210,067820001",BRASIL
2020-01-01,AGO,MAR,"14747941,50675",BRASIL
2020-01-01,DEZ,MAR,"12987633,21932",BRASIL
2020-01-01,FEV,MAR,"13249201,117740002",BRASIL
2020-01-01,JAN,MAR,"15124125,878250001",BRASIL
2020-01-01,JUL,MAR,"14706978,00005",BRASIL
2020-01-01,JUN,MAR,"13914054,282230001",BRASIL
2020-01-01,MAI,MAR,"13154393,1884",BRASIL
2020-01-01,MAR,MAR,"14172912,77757",BRASIL
2020-01-01,NOV,MAR,"12712300,645070001",BRASIL
2020-01-01,OUT,MAR,"13711632,39712",BRASIL
2020-01-01,SET,MAR,"13419885,171060001",BRASIL
2020-01-01,ABR,TERRA,"459061,71207999997",BRASIL
2020-01-01,AGO,TERRA,"466655,91955",BRASIL
2020-01-01,DEZ,TERRA,"449501,29017",BRASIL
2020-01-01,FEV,TERRA,"452109,2486",BRASIL
2020-01-01,JAN,TERRA,"491708,77801",BRASIL
2020-01-01,JUL,TERRA,"464776,40472999995",BRASIL
2020-01-01,JUN,TERRA,"457504,88724",BRASIL
2020-01-01,MAI,TERRA,"475348,02988",BRASIL
2020-01-01,MAR,TERRA,"481735,46274",BRASIL
2020-01-01,NOV,TERRA,"426009,05984",BRASIL
2020-01-01,OUT,TERRA,"451144,41089",BRASIL
2020-01-01,SET,TERRA,"445978,96911",BRASIL
2021-01-01,ABR,MAR,"13772674,301010001",BRASIL
2021-01-01,AGO,MAR,"14351632,964280002",BRASIL
2021-01-01,DEZ,MAR,"13571352,11063",BRASIL
2021-01-01,FEV,MAR,"12138761,05914",BRASIL
2021-01-01,JAN,MAR,"13701127,752239998",BRASIL
2021-01-01,JUL,MAR,"14579305,302449998",BRASIL
2021-01-01,JUN,MAR,"13428684,90974",BRASIL
2021-01-01,MAI,MAR,"14005775,46716",BRASIL
2021-01-01,MAR,MAR,"13562329,358819999",BRASIL
2021-01-01,NOV,MAR,"13201838,59021",BRASIL
2021-01-01,OUT,MAR,"13272231,77713",BRASIL
2021-01-01,SET,MAR,"13907636,464039998",BRASIL
2021-01-01,ABR,TERRA,"412761,81349",BRASIL
2021-01-01,AGO,TERRA,"421082,9423",BRASIL
2021-01-01,DEZ,TERRA,"417868,23866",BRASIL
2021-01-01,FEV,TERRA,"410081,94505",BRASIL
2021-01-01,JAN,TERRA,"458830,34877000004",BRASIL
2021-01-01,JUL,TERRA,"429581,50229",BRASIL
2021-01-01,JUN,TERRA,"419604,66811",BRASIL
2021-01-01,MAI,TERRA,"443670,03359",BRASIL
2021-01-01,MAR,TERRA,"456207,63336",BRASIL
2021-01-01,NOV,TERRA,"399592,73016",BRASIL
2021-01-01,OUT,TERRA,"417544,36366000003",BRASIL
2021-01-01,SET,TERRA,"405044,55574000004",BRASIL
2022-01-01,ABR,MAR,"13911450,0472",BRASIL
2022-01-01,AGO,MAR,"14842788,576739999",BRASIL
2022-01-01,DEZ,MAR,"14778177,34455",BRASIL
2022-01-01,FEV,MAR,"12603871,538940001",BRASIL
2022-01-01,JAN,MAR,"14527462,32996",BRASIL
2022-01-01,JUL,MAR,"14224710,9705",BRASIL
2022-01-01,JUN,MAR,"13133900,195540002",BRASIL
2022-01-01,MAI,MAR,"13817686,24305",BRASIL
2022-01-01,MAR,MAR,"14262402,503829999",BRASIL
2022-01-01,NOV,MAR,"14378682,13718",BRASIL
2022-01-01,OUT,MAR,"15605441,42583",BRASIL
2022-01-01,SET,MAR,"14655536,273740001",BRASIL
2022-01-01,ABR,TERRA,"393150,45824",BRASIL
2022-01-01,AGO,TERRA,"369960,58831",BRASIL
2022-01-01,DEZ,TERRA,"371203,26592",BRASIL
2022-01-01,FEV,TERRA,"379595,22358",BRASIL
2022-01-01,JAN,TERRA,"418441,67212",BRASIL
2022-01-01,JUL,TERRA,"376414,97552",BRASIL
2022-01-01,JUN,TERRA,"357205,63568",BRASIL
2022-01-01,MAI,TERRA,"370751,08432",BRASIL
2022-01-01,MAR,TERRA,"430678,63262",BRASIL
2022-01-01,NOV,TERRA,"385583,97893",BRASIL
2022-01-01,OUT,TERRA,"385510,71364000003",BRASIL
2022-01-01,SET,TERRA,"358497,88398000004",BRASIL
2023-01-01,ABR,MAR,"14639980,176",BRASIL
2023-01-01,AGO,MAR,"16663535,863",BRASIL
2023-01-01,DEZ,MAR,"0,0",BRASIL
2023-01-01,FEV,MAR,"14212600,92",BRASIL
2023-01-01,JAN,MAR,"15797193,167",BRASIL
2023-01-01,JUL,MAR,"16893912,177",BRASIL
2023-01-01,JUN,MAR,"15673402,782",BRASIL
2023-01-01,MAI,MAR,"15408032,37",BRASIL
2023-01-01,MAR,MAR,"15000003,251",BRASIL
2023-01-01,NOV,MAR,"0,0",BRASIL
2023-01-01,OUT,MAR,"0,0",BRASIL
2023-01-01,SET,MAR,"17096101,788",BRASIL
2023-01-01,ABR,TERRA,"342284,56",BRASIL
2023-01-01,AGO,TERRA,"399532,54099999997",BRASIL
2023-01-01,DEZ,TERRA,"0,0",BRASIL
2023-01-01,FEV,TERRA,"306703,072",BRASIL
2023-01-01,JAN,TERRA,"340952,468",BRASIL
2023-01-01,JUL,TERRA,"418911,479",BRASIL
2023-01-01,JUN,TERRA,"383859,64",BRASIL
2023-01-01,MAI,TERRA,"369877,017",BRASIL
2023-01-01,MAR,TERRA,"354373,65499999997",BRASIL
2023-01-01,NOV,TERRA,"0,0",BRASIL
2023-01-01,OUT,TERRA,"0,0",BRASIL
2023-01-01,SET,TERRA,"419073,407",BRASIL
1997-01-01,ABR,MAR,"143394,0",NORDESTE
1997-01-01,AGO,MAR,"146055,0",NORDESTE
1997-01-01,DEZ,MAR,"151491,0",NORDESTE
1997-01-01,FEV,MAR,"144218,0",NORDESTE
1997-01-01,JAN,MAR,"138843,0",NORDESTE
1997-01-01,JUL,MAR,"148834,0",NORDESTE
1997-01-01,JUN,MAR,"145336,0",NORDESTE
1997-01-01,MAI,MAR,"146530,0",NORDESTE
1997-01-01,MAR,MAR,"146616,0",NORDESTE
1997-01-01,NOV,MAR,"142454,0",NORDESTE
1997-01-01,OUT,MAR,"148318,0",NORDESTE
1997-01-01,SET,MAR,"150244,0",NORDESTE
1997-01-01,ABR,TERRA,"781782,0",NORDESTE
1997-01-01,AGO,TERRA,"820070,0",NORDESTE
1997-01-01,DEZ,TERRA,"820152,0",NORDESTE
1997-01-01,FEV,TERRA,"786356,0",NORDESTE
1997-01-01,JAN,TERRA,"796481,0",NORDESTE
1997-01-01,JUL,TERRA,"812548,0",NORDESTE
1997-01-01,JUN,TERRA,"788407,0",NORDESTE
1997-01-01,MAI,TERRA,"776407,0",NORDESTE
1997-01-01,MAR,TERRA,"806285,0",NORDESTE
1997-01-01,NOV,TERRA,"794539,0",NORDESTE
1997-01-01,OUT,TERRA,"822757,0",NORDESTE
1997-01-01,SET,TERRA,"789454,0",NORDESTE
1998-01-01,ABR,MAR,"156196,0",NORDESTE
1998-01-01,AGO,MAR,"165812,0",NORDESTE
1998-01-01,DEZ,MAR,"174922,0",NORDESTE
1998-01-01,FEV,MAR,"139281,0",NORDESTE
1998-01-01,JAN,MAR,"157110,0",NORDESTE
1998-01-01,JUL,MAR,"167372,0",NORDESTE
1998-01-01,JUN,MAR,"151217,0",NORDESTE
1998-01-01,MAI,MAR,"161846,0",NORDESTE
1998-01-01,MAR,MAR,"157738,0",NORDESTE
1998-01-01,NOV,MAR,"151155,0",NORDESTE
1998-01-01,OUT,MAR,"152211,0",NORDESTE
1998-01-01,SET,MAR,"148050,0",NORDESTE
1998-01-01,ABR,TERRA,"800694,0",NORDESTE
1998-01-01,AGO,TERRA,"820912,0",NORDESTE
1998-01-01,DEZ,TERRA,"835577,0",NORDESTE
1998-01-01,FEV,TERRA,"737169,0",NORDESTE
1998-01-01,JAN,TERRA,"814141,0",NORDESTE
1998-01-01,JUL,TERRA,"829924,0",NORDESTE
1998-01-01,JUN,TERRA,"801900,0",NORDESTE
1998-01-01,MAI,TERRA,"827219,0",NORDESTE
1998-01-01,MAR,TERRA,"822606,0",NORDESTE
1998-01-01,NOV,TERRA,"814107,0",NORDESTE
1998-01-01,OUT,TERRA,"839075,0",NORDESTE
1998-01-01,SET,TERRA,"799680,0",NORDESTE
1999-01-01,ABR,MAR,"175853,0",NORDESTE
1999-01-01,AGO,MAR,"183071,0",NORDESTE
1999-01-01,DEZ,MAR,"186320,03999999998",NORDESTE
1999-01-01,FEV,MAR,"166846,0",NORDESTE
1999-01-01,JAN,MAR,"176995,0",NORDESTE
1999-01-01,JUL,MAR,"188280,0",NORDESTE
1999-01-01,JUN,MAR,"178278,0",NORDESTE
1999-01-01,MAI,MAR,"188467,0",NORDESTE
1999-01-01,MAR,MAR,"176761,0",NORDESTE
1999-01-01,NOV,MAR,"181725,6",NORDESTE
1999-01-01,OUT,MAR,"186034,0",NORDESTE
1999-01-01,SET,MAR,"185505,0",NORDESTE
1999-01-01,ABR,TERRA,"782711,2",NORDESTE
1999-01-01,AGO,TERRA,"778442,6",NORDESTE
1999-01-01,DEZ,TERRA,"813256,0",NORDESTE
1999-01-01,FEV,TERRA,"739301,0",NORDESTE
1999-01-01,JAN,TERRA,"813417,0",NORDESTE
1999-01-01,JUL,TERRA,"771444,9",NORDESTE
1999-01-01,JUN,TERRA,"747797,4",NORDESTE
1999-01-01,MAI,TERRA,"780932,0",NORDESTE
1999-01-01,MAR,TERRA,"812197,0",NORDESTE
1999-01-01,NOV,TERRA,"772544,5",NORDESTE
1999-01-01,OUT,TERRA,"786521,0",NORDESTE
1999-01-01,SET,TERRA,"772341,0",NORDESTE
2000-01-01,ABR,MAR,"182774,2",NORDESTE
2000-01-01,AGO,MAR,"139016,85",NORDESTE
2000-01-01,DEZ,MAR,"178546,0",NORDESTE
2000-01-01,FEV,MAR,"175468,2",NORDESTE
2000-01-01,JAN,MAR,"186484,34",NORDESTE
2000-01-01,JUL,MAR,"172370,49",NORDESTE
2000-01-01,JUN,MAR,"174926,63",NORDESTE
2000-01-01,MAI,MAR,"194603,09",NORDESTE
2000-01-01,MAR,MAR,"192127,84",NORDESTE
2000-01-01,NOV,MAR,"166523,0",NORDESTE
2000-01-01,OUT,MAR,"182275,98",NORDESTE
2000-01-01,SET,MAR,"167849,16999999998",NORDESTE
2000-01-01,ABR,TERRA,"725970,0",NORDESTE
2000-01-01,AGO,TERRA,"750472,0",NORDESTE
2000-01-01,DEZ,TERRA,"746865,0",NORDESTE
2000-01-01,FEV,TERRA,"717816,5",NORDESTE
2000-01-01,JAN,TERRA,"785158,0",NORDESTE
2000-01-01,JUL,TERRA,"760938,0",NORDESTE
2000-01-01,JUN,TERRA,"732976,0",NORDESTE
2000-01-01,MAI,TERRA,"741637,0",NORDESTE
2000-01-01,MAR,TERRA,"755340,0",NORDESTE
2000-01-01,NOV,TERRA,"718613,0",NORDESTE
2000-01-01,OUT,TERRA,"745120,0",NORDESTE
2000-01-01,SET,TERRA,"718476,0",NORDESTE
2001-01-01,ABR,MAR,"168255,0",NORDESTE
2001-01-01,AGO,MAR,"164381,0",NORDESTE
2001-01-01,DEZ,MAR,"167942,0",NORDESTE
2001-01-01,FEV,MAR,"156867,0",NORDESTE
2001-01-01,JAN,MAR,"177280,66",NORDESTE
2001-01-01,JUL,MAR,"176110,0",NORDESTE
2001-01-01,JUN,MAR,"174818,0",NORDESTE
2001-01-01,MAI,MAR,"170550,0",NORDESTE
2001-01-01,MAR,MAR,"169705,0",NORDESTE
2001-01-01,NOV,MAR,"158461,49",NORDESTE
2001-01-01,OUT,MAR,"164083,0",NORDESTE
2001-01-01,SET,MAR,"159703,0",NORDESTE
2001-01-01,ABR,TERRA,"706535,0",NORDESTE
2001-01-01,AGO,TERRA,"741513,0",NORDESTE
2001-01-01,DEZ,TERRA,"731751,23",NORDESTE
2001-01-01,FEV,TERRA,"653610,0",NORDESTE
2001-01-01,JAN,TERRA,"753026,0",NORDESTE
2001-01-01,JUL,TERRA,"736816,0",NORDESTE
2001-01-01,JUN,TERRA,"702164,0",NORDESTE
2001-01-01,MAI,TERRA,"729977,0",NORDESTE
2001-01-01,MAR,TERRA,"699320,0",NORDESTE
2001-01-01,NOV,TERRA,"719363,87",NORDESTE
2001-01-01,OUT,TERRA,"738996,0",NORDESTE
2001-01-01,SET,TERRA,"726329,4",NORDESTE
2002-01-01,ABR,MAR,"144406,0",NORDESTE
2002-01-01,AGO,MAR,"169125,0",NORDESTE
2002-01-01,DEZ,MAR,"155010,0",NORDESTE
2002-01-01,FEV,MAR,"154212,0",NORDESTE
2002-01-01,JAN,MAR,"162094,0",NORDESTE
2002-01-01,JUL,MAR,"153307,0",NORDESTE
2002-01-01,JUN,MAR,"142541,0",NORDESTE
2002-01-01,MAI,MAR,"142388,0",NORDESTE
2002-01-01,MAR,MAR,"168436,0",NORDESTE
2002-01-01,NOV,MAR,"150878,0",NORDESTE
2002-01-01,OUT,MAR,"149386,0",NORDESTE
2002-01-01,SET,MAR,"143828,0",NORDESTE
2002-01-01,ABR,TERRA,"697651,28",NORDESTE
2002-01-01,AGO,TERRA,"728848,58",NORDESTE
2002-01-01,DEZ,TERRA,"725573,3",NORDESTE
2002-01-01,FEV,TERRA,"666158,2",NORDESTE
2002-01-01,JAN,TERRA,"730878,01",NORDESTE
2002-01-01,JUL,TERRA,"724462,06",NORDESTE
2002-01-01,JUN,TERRA,"716366,3",NORDESTE
2002-01-01,MAI,TERRA,"730280,8",NORDESTE
2002-01-01,MAR,TERRA,"717774,11",NORDESTE
2002-01-01,NOV,TERRA,"715164,79",NORDESTE
2002-01-01,OUT,TERRA,"734315,26",NORDESTE
2002-01-01,SET,TERRA,"706520,59",NORDESTE
2003-01-01,ABR,MAR,"143787,0",NORDESTE
2003-01-01,AGO,MAR,"147598,76",NORDESTE
2003-01-01,DEZ,MAR,"135592,97",NORDESTE
2003-01-01,FEV,MAR,"151714,0",NORDESTE
2003-01-01,JAN,MAR,"167100,0",NORDESTE
2003-01-01,JUL,MAR,"140209,0",NORDESTE
2003-01-01,JUN,MAR,"142548,0",NORDESTE
2003-01-01,MAI,MAR,"156031,0",NORDESTE
2003-01-01,MAR,MAR,"158329,0",NORDESTE
2003-01-01,NOV,MAR,"130468,2",NORDESTE
2003-01-01,OUT,MAR,"155679,44",NORDESTE
2003-01-01,SET,MAR,"147847,0",NORDESTE
2003-01-01,ABR,TERRA,"709023,73",NORDESTE
2003-01-01,AGO,TERRA,"765923,87",NORDESTE
2003-01-01,DEZ,TERRA,"766272,05",NORDESTE
2003-01-01,FEV,TERRA,"669710,8300000001",NORDESTE
2003-01-01,JAN,TERRA,"723582,4",NORDESTE
2003-01-01,JUL,TERRA,"729205,34",NORDESTE
2003-01-01,JUN,TERRA,"707099,61",NORDESTE
2003-01-01,MAI,TERRA,"737489,94",NORDESTE
2003-01-01,MAR,TERRA,"735032,48",NORDESTE
2003-01-01,NOV,TERRA,"730143,76",NORDESTE
2003-01-01,OUT,TERRA,"768321,75",NORDESTE
2003-01-01,SET,TERRA,"725591,8",NORDESTE
2004-01-01,ABR,MAR,"134575,0",NORDESTE
2004-01-01,AGO,MAR,"154206,0",NORDESTE
2004-01-01,DEZ,MAR,"151185,52",NORDESTE
2004-01-01,FEV,MAR,"136517,12",NORDESTE
2004-01-01,JAN,MAR,"150490,0",NORDESTE
2004-01-01,JUL,MAR,"164525,0",NORDESTE
2004-01-01,JUN,MAR,"160531,0",NORDESTE
2004-01-01,MAI,MAR,"141523,83000000002",NORDESTE
2004-01-01,MAR,MAR,"143177,0",NORDESTE
2004-01-01,NOV,MAR,"147907,57",NORDESTE
2004-01-01,OUT,MAR,"148199,53",NORDESTE
2004-01-01,SET,MAR,"151180,0",NORDESTE
2004-01-01,ABR,TERRA,"721981,0",NORDESTE
2004-01-01,AGO,TERRA,"765669,11",NORDESTE
2004-01-01,DEZ,TERRA,"733099,89",NORDESTE
2004-01-01,FEV,TERRA,"691170,29",NORDESTE
2004-01-01,JAN,TERRA,"751694,0",NORDESTE
2004-01-01,JUL,TERRA,"769768,0",NORDESTE
2004-01-01,JUN,TERRA,"732143,0",NORDESTE
2004-01-01,MAI,TERRA,"747881,31",NORDESTE
2004-01-01,MAR,TERRA,"746095,0",NORDESTE
2004-01-01,NOV,TERRA,"723948,14",NORDESTE
2004-01-01,OUT,TERRA,"762902,66",NORDESTE
2004-01-01,SET,TERRA,"727201,73",NORDESTE
2005-01-01,ABR,MAR,"137178,05",NORDESTE
2005-01-01,AGO,MAR,"142866,0",NORDESTE
2005-01-01,DEZ,MAR,"135955,0",NORDESTE
2005-01-01,FEV,MAR,"128139,45",NORDESTE
2005-01-01,JAN,MAR,"148982,36",NORDESTE
2005-01-01,JUL,MAR,"145698,0",NORDESTE
2005-01-01,JUN,MAR,"133603,0",NORDESTE
2005-01-01,MAI,MAR,"135422,81",NORDESTE
2005-01-01,MAR,MAR,"142012,66",NORDESTE
2005-01-01,NOV,MAR,"134542,0",NORDESTE
2005-01-01,OUT,MAR,"139279,0",NORDESTE
2005-01-01,SET,MAR,"136583,0",NORDESTE
2005-01-01,ABR,TERRA,"709128,13",NORDESTE
2005-01-01,AGO,TERRA,"735824,0",NORDESTE
2005-01-01,DEZ,TERRA,"725508,48",NORDESTE
2005-01-01,FEV,TERRA,"661021,39",NORDESTE
2005-01-01,JAN,TERRA,"727480,03",NORDESTE
2005-01-01,JUL,TERRA,"733135,0",NORDESTE
2005-01-01,JUN,TERRA,"709508,0",NORDESTE
2005-01-01,MAI,TERRA,"728884,3",NORDESTE
2005-01-01,MAR,TERRA,"731748,26",NORDESTE
2005-01-01,NOV,TERRA,"717795,0",NORDESTE
2005-01-01,OUT,TERRA,"735357,0",NORDESTE
2005-01-01,SET,TERRA,"709388,0",NORDESTE
2006-01-01,ABR,MAR,"128054,0",NORDESTE
2006-01-01,AGO,MAR,"126618,0",NORDESTE
2006-01-01,DEZ,MAR,"120548,0",NORDESTE
2006-01-01,FEV,MAR,"115502,0",NORDESTE
2006-01-01,JAN,MAR,"127708,8",NORDESTE
2006-01-01,JUL,MAR,"130346,0",NORDESTE
2006-01-01,JUN,MAR,"123620,0",NORDESTE
2006-01-01,MAI,MAR,"127736,0",NORDESTE
2006-01-01,MAR,MAR,"133081,0",NORDESTE
2006-01-01,NOV,MAR,"120174,0",NORDESTE
2006-01-01,OUT,MAR,"125192,0",NORDESTE
2006-01-01,SET,MAR,"122713,0",NORDESTE
2006-01-01,ABR,TERRA,"681463,4",NORDESTE
2006-01-01,AGO,TERRA,"688877,74",NORDESTE
2006-01-01,DEZ,TERRA,"692603,676",NORDESTE
2006-01-01,FEV,TERRA,"649216,7",NORDESTE
2006-01-01,JAN,TERRA,"716300,94",NORDESTE
2006-01-01,JUL,TERRA,"687410,5900000001",NORDESTE
2006-01-01,JUN,TERRA,"667058,01",NORDESTE
2006-01-01,MAI,TERRA,"699153,271",NORDESTE
2006-01-01,MAR,TERRA,"710122,3319999999",NORDESTE
2006-01-01,NOV,TERRA,"665959,8",NORDESTE
2006-01-01,OUT,TERRA,"688954,31",NORDESTE
2006-01-01,SET,TERRA,"668734,23",NORDESTE
2007-01-01,ABR,MAR,"115231,0",NORDESTE
2007-01-01,AGO,MAR,"116525,0",NORDESTE
2007-01-01,DEZ,MAR,"146359,0",NORDESTE
2007-01-01,FEV,MAR,"112316,0",NORDESTE
2007-01-01,JAN,MAR,"120049,0",NORDESTE
2007-01-01,JUL,MAR,"113472,0",NORDESTE
2007-01-01,JUN,MAR,"110743,0",NORDESTE
2007-01-01,MAI,MAR,"100222,0",NORDESTE
2007-01-01,MAR,MAR,"116851,0",NORDESTE
2007-01-01,NOV,MAR,"147001,0",NORDESTE
2007-01-01,OUT,MAR,"154643,0",NORDESTE
2007-01-01,SET,MAR,"114279,0",NORDESTE
2007-01-01,ABR,TERRA,"669766,28",NORDESTE
2007-01-01,AGO,TERRA,"695834,181",NORDESTE
2007-01-01,DEZ,TERRA,"707592,799",NORDESTE
2007-01-01,FEV,TERRA,"621630,506",NORDESTE
2007-01-01,JAN,TERRA,"689998,6799999999",NORDESTE
2007-01-01,JUL,TERRA,"691822,057",NORDESTE
2007-01-01,JUN,TERRA,"685876,325",NORDESTE
2007-01-01,MAI,TERRA,"691145,82",NORDESTE
2007-01-01,MAR,TERRA,"691909,98",NORDESTE
2007-01-01,NOV,TERRA,"680304,486",NORDESTE
2007-01-01,OUT,TERRA,"702721,021",NORDESTE
2007-01-01,SET,TERRA,"683831,542",NORDESTE
2008-01-01,ABR,MAR,"136356,20071",NORDESTE
2008-01-01,AGO,MAR,"171521,09092",NORDESTE
2008-01-01,DEZ,MAR,"137830,88053",NORDESTE
2008-01-01,FEV,MAR,"133036,0",NORDESTE
2008-01-01,JAN,MAR,"137101,0",NORDESTE
2008-01-01,JUL,MAR,"176416,42075",NORDESTE
2008-01-01,JUN,MAR,"154964,33082",NORDESTE
2008-01-01,MAI,MAR,"142423,94089",NORDESTE
2008-01-01,MAR,MAR,"127403,0",NORDESTE
2008-01-01,NOV,MAR,"142619,82075",NORDESTE
2008-01-01,OUT,MAR,"153954,14116",NORDESTE
2008-01-01,SET,MAR,"155475,01079",NORDESTE
2008-01-01,ABR,TERRA,"635952,1398",NORDESTE
2008-01-01,AGO,TERRA,"670038,6024",NORDESTE
2008-01-01,DEZ,TERRA,"655133,3066",NORDESTE
2008-01-01,FEV,TERRA,"640564,348",NORDESTE
2008-01-01,JAN,TERRA,"694372,206",NORDESTE
2008-01-01,JUL,TERRA,"658459,0497",NORDESTE
2008-01-01,JUN,TERRA,"632254,10697",NORDESTE
2008-01-01,MAI,TERRA,"657016,76472",NORDESTE
2008-01-01,MAR,TERRA,"688966,8470000001",NORDESTE
2008-01-01,NOV,TERRA,"634852,2141",NORDESTE
2008-01-01,OUT,TERRA,"662371,336",NORDESTE
2008-01-01,SET,TERRA,"651359,252",NORDESTE
2009-01-01,ABR,MAR,"113656,20066",NORDESTE
2009-01-01,AGO,MAR,"119476,83607",NORDESTE
2009-01-01,DEZ,MAR,"136201,7538",NORDESTE
2009-01-01,FEV,MAR,"119480,74087000001",NORDESTE
2009-01-01,JAN,MAR,"135366,66064",NORDESTE
2009-01-01,JUL,MAR,"122540,26163",NORDESTE
2009-01-01,JUN,MAR,"116594,10123999999",NORDESTE
2009-01-01,MAI,MAR,"122880,99093",NORDESTE
2009-01-01,MAR,MAR,"124680,00078",NORDESTE
2009-01-01,NOV,MAR,"129391,56700000001",NORDESTE
2009-01-01,OUT,MAR,"132704,33734",NORDESTE
2009-01-01,SET,MAR,"137536,09924",NORDESTE
2009-01-01,ABR,TERRA,"632700,4665",NORDESTE
2009-01-01,AGO,TERRA,"664383,0261",NORDESTE
2009-01-01,DEZ,TERRA,"660217,29327",NORDESTE
2009-01-01,FEV,TERRA,"598388,9182",NORDESTE
2009-01-01,JAN,TERRA,"655682,0643",NORDESTE
2009-01-01,JUL,TERRA,"658995,802",NORDESTE
2009-01-01,JUN,TERRA,"621968,5298",NORDESTE
2009-01-01,MAI,TERRA,"641065,9207",NORDESTE
2009-01-01,MAR,TERRA,"657378,1295",NORDESTE
2009-01-01,NOV,TERRA,"634942,94054",NORDESTE
2009-01-01,OUT,TERRA,"656745,25512",NORDESTE
2009-01-01,SET,TERRA,"632679,1630000001",NORDESTE
2010-01-01,ABR,MAR,"117016,4",NORDESTE
2010-01-01,AGO,MAR,"120668,57435",NORDESTE
2010-01-01,DEZ,MAR,"112898,02098",NORDESTE
2010-01-01,FEV,MAR,"93571,84",NORDESTE
2010-01-01,JAN,MAR,"123727,42476",NORDESTE
2010-01-01,JUL,MAR,"116236,30396",NORDESTE
2010-01-01,JUN,MAR,"122369,5557",NORDESTE
2010-01-01,MAI,MAR,"124947,54958",NORDESTE
2010-01-01,MAR,MAR,"116933,83",NORDESTE
2010-01-01,NOV,MAR,"95883,89019",NORDESTE
2010-01-01,OUT,MAR,"118333,0919",NORDESTE
2010-01-01,SET,MAR,"115407,59705000001",NORDESTE
2010-01-01,ABR,TERRA,"607613,33562",NORDESTE
2010-01-01,AGO,TERRA,"658872,7234799999",NORDESTE
2010-01-01,DEZ,TERRA,"668530,85817",NORDESTE
2010-01-01,FEV,TERRA,"587139,12006",NORDESTE
2010-01-01,JAN,TERRA,"654865,96181",NORDESTE
2010-01-01,JUL,TERRA,"639884,50663",NORDESTE
2010-01-01,JUN,TERRA,"616657,25691",NORDESTE
2010-01-01,MAI,TERRA,"631995,66833",NORDESTE
2010-01-01,MAR,TERRA,"642304,22064",NORDESTE
2010-01-01,NOV,TERRA,"640463,38187",NORDESTE
2010-01-01,OUT,TERRA,"664439,24165",NORDESTE
2010-01-01,SET,TERRA,"641272,61474",NORDESTE
2011-01-01,ABR,MAR,"98611,71293",NORDESTE
2011-01-01,AGO,MAR,"133974,61779",NORDESTE
2011-01-01,DEZ,MAR,"125761,97679",NORDESTE
2011-01-01,FEV,MAR,"98215,67962",NORDESTE
2011-01-01,JAN,MAR,"97790,34491",NORDESTE
2011-01-01,JUL,MAR,"127132,85643999999",NORDESTE
2011-01-01,JUN,MAR,"126740,16761",NORDESTE
2011-01-01,MAI,MAR,"131396,68074",NORDESTE
2011-01-01,MAR,MAR,"104408,94463",NORDESTE
2011-01-01,NOV,MAR,"121068,08520999999",NORDESTE
2011-01-01,OUT,MAR,"120742,60455",NORDESTE
2011-01-01,SET,MAR,"113297,93938",NORDESTE
2011-01-01,ABR,TERRA,"639614,55797",NORDESTE
2011-01-01,AGO,TERRA,"653617,80374",NORDESTE
2011-01-01,DEZ,TERRA,"653915,41481",NORDESTE
2011-01-01,FEV,TERRA,"604263,8802199999",NORDESTE
2011-01-01,JAN,TERRA,"674695,43504",NORDESTE
2011-01-01,JUL,TERRA,"652575,05017",NORDESTE
2011-01-01,JUN,TERRA,"625447,58223",NORDESTE
2011-01-01,MAI,TERRA,"638535,07488",NORDESTE
2011-01-01,MAR,TERRA,"670097,4491900001",NORDESTE
2011-01-01,NOV,TERRA,"629968,61458",NORDESTE
2011-01-01,OUT,TERRA,"649557,69895",NORDESTE
2011-01-01,SET,TERRA,"631225,36823",NORDESTE
2012-01-01,ABR,MAR,"100721,73996",NORDESTE
2012-01-01,AGO,MAR,"109019,4225",NORDESTE
2012-01-01,DEZ,MAR,"125337,405",NORDESTE
2012-01-01,FEV,MAR,"109718,17228999999",NORDESTE
2012-01-01,JAN,MAR,"123524,51579",NORDESTE
2012-01-01,JUL,MAR,"106315,90988",NORDESTE
2012-01-01,JUN,MAR,"105644,88482",NORDESTE
2012-01-01,MAI,MAR,"108001,21048",NORDESTE
2012-01-01,MAR,MAR,"110581,68111",NORDESTE
2012-01-01,NOV,MAR,"102846,769",NORDESTE
2012-01-01,OUT,MAR,"110670,10498999999",NORDESTE
2012-01-01,SET,MAR,"106073,46800000001",NORDESTE
2012-01-01,ABR,TERRA,"627099,05362",NORDESTE
2012-01-01,AGO,TERRA,"651047,15151",NORDESTE
2012-01-01,DEZ,TERRA,"664073,49329",NORDESTE
2012-01-01,FEV,TERRA,"607294,58614",NORDESTE
2012-01-01,JAN,TERRA,"640078,40918",NORDESTE
2012-01-01,JUL,TERRA,"645066,78455",NORDESTE
2012-01-01,JUN,TERRA,"634184,54429",NORDESTE
2012-01-01,MAI,TERRA,"659288,62033",NORDESTE
2012-01-01,MAR,TERRA,"648406,83017",NORDESTE
2012-01-01,NOV,TERRA,"631245,61382",NORDESTE
2012-01-01,OUT,TERRA,"647203,5726300001",NORDESTE
2012-01-01,SET,TERRA,"628588,1613",NORDESTE
2013-01-01,ABR,MAR,"118158,092",NORDESTE
2013-01-01,AGO,MAR,"139021,92804",NORDESTE
2013-01-01,DEZ,MAR,"136253,65911",NORDESTE
2013-01-01,FEV,MAR,"110243,87599",NORDESTE
2013-01-01,JAN,MAR,"127033,11799",NORDESTE
2013-01-01,JUL,MAR,"113308,94092",NORDESTE
2013-01-01,JUN,MAR,"116717,44597999999",NORDESTE
2013-01-01,MAI,MAR,"120872,45599999999",NORDESTE
2013-01-01,MAR,MAR,"121680,76899",NORDESTE
2013-01-01,NOV,MAR,"129964,91096",NORDESTE
2013-01-01,OUT,MAR,"135714,76902",NORDESTE
2013-01-01,SET,MAR,"137780,44997",NORDESTE
2013-01-01,ABR,TERRA,"627913,9598399999",NORDESTE
2013-01-01,AGO,TERRA,"635484,80946",NORDESTE
2013-01-01,DEZ,TERRA,"630516,18628",NORDESTE
2013-01-01,FEV,TERRA,"591281,78084",NORDESTE
2013-01-01,JAN,TERRA,"640123,50534",NORDESTE
2013-01-01,JUL,TERRA,"628502,23449",NORDESTE
2013-01-01,JUN,TERRA,"620513,7760300001",NORDESTE
2013-01-01,MAI,TERRA,"634378,72088",NORDESTE
2013-01-01,MAR,TERRA,"652669,92403",NORDESTE
2013-01-01,NOV,TERRA,"607172,76145",NORDESTE
2013-01-01,OUT,TERRA,"624984,79501",NORDESTE
2013-01-01,SET,TERRA,"622239,36833",NORDESTE
2014-01-01,ABR,MAR,"141039,03995",NORDESTE
2014-01-01,AGO,MAR,"135171,06399999998",NORDESTE
2014-01-01,DEZ,MAR,"128279,55399999999",NORDESTE
2014-01-01,FEV,MAR,"136567,231",NORDESTE
2014-01-01,JAN,MAR,"122026,49403",NORDESTE
2014-01-01,JUL,MAR,"139468,18002",NORDESTE
2014-01-01,JUN,MAR,"136523,39108",NORDESTE
2014-01-01,MAI,MAR,"141875,18602000002",NORDESTE
2014-01-01,MAR,MAR,"151551,448",NORDESTE
2014-01-01,NOV,MAR,"126002,627",NORDESTE
2014-01-01,OUT,MAR,"129358,59301",NORDESTE
2014-01-01,SET,MAR,"125066,695",NORDESTE
2014-01-01,ABR,TERRA,"611731,60279",NORDESTE
2014-01-01,AGO,TERRA,"615497,80628",NORDESTE
2014-01-01,DEZ,TERRA,"610890,31741",NORDESTE
2014-01-01,FEV,TERRA,"570436,1823199999",NORDESTE
2014-01-01,JAN,TERRA,"623200,4300599999",NORDESTE
2014-01-01,JUL,TERRA,"624079,54246",NORDESTE
2014-01-01,JUN,TERRA,"604587,97891",NORDESTE
2014-01-01,MAI,TERRA,"628681,3294200001",NORDESTE
2014-01-01,MAR,TERRA,"634004,4389800001",NORDESTE
2014-01-01,NOV,TERRA,"592183,8176899999",NORDESTE
2014-01-01,OUT,TERRA,"617806,47966",NORDESTE
2014-01-01,SET,TERRA,"599389,1926899999",NORDESTE
2015-01-01,ABR,MAR,"113841,73999999999",NORDESTE
2015-01-01,AGO,MAR,"96334,25200000001",NORDESTE
2015-01-01,DEZ,MAR,"93968,919",NORDESTE
2015-01-01,FEV,MAR,"105150,821",NORDESTE
2015-01-01,JAN,MAR,"126054,23399000001",NORDESTE
2015-01-01,JUL,MAR,"83568,993",NORDESTE
2015-01-01,JUN,MAR,"107860,12000000001",NORDESTE
2015-01-01,MAI,MAR,"116125,644",NORDESTE
2015-01-01,MAR,MAR,"116867,776",NORDESTE
2015-01-01,NOV,MAR,"84922,062",NORDESTE
2015-01-01,OUT,MAR,"96912,36200000001",NORDESTE
2015-01-01,SET,MAR,"102364,458",NORDESTE
2015-01-01,ABR,TERRA,"578308,98367",NORDESTE
2015-01-01,AGO,TERRA,"583412,4062399999",NORDESTE
2015-01-01,DEZ,TERRA,"585310,1388000001",NORDESTE
2015-01-01,FEV,TERRA,"548009,40848",NORDESTE
2015-01-01,JAN,TERRA,"601879,67552",NORDESTE
2015-01-01,JUL,TERRA,"590812,5503799999",NORDESTE
2015-01-01,JUN,TERRA,"574352,8632",NORDESTE
2015-01-01,MAI,TERRA,"598322,6757799999",NORDESTE
2015-01-01,MAR,TERRA,"602909,21849",NORDESTE
2015-01-01,NOV,TERRA,"525001,6170300001",NORDESTE
2015-01-01,OUT,TERRA,"593043,83161",NORDESTE
2015-01-01,SET,TERRA,"566524,0713",NORDESTE
2016-01-01,ABR,MAR,"98927,743",NORDESTE
2016-01-01,AGO,MAR,"100119,06302",NORDESTE
2016-01-01,DEZ,MAR,"82695,64309",NORDESTE
2016-01-01,FEV,MAR,"96177,76806999999",NORDESTE
2016-01-01,JAN,MAR,"105276,328",NORDESTE
2016-01-01,JUL,MAR,"98312,38111",NORDESTE
2016-01-01,JUN,MAR,"94874,45003",NORDESTE
2016-01-01,MAI,MAR,"99337,27798",NORDESTE
2016-01-01,MAR,MAR,"102136,26704",NORDESTE
2016-01-01,NOV,MAR,"84723,87705",NORDESTE
2016-01-01,OUT,MAR,"93641,388",NORDESTE
2016-01-01,SET,MAR,"94224,34002999999",NORDESTE
2016-01-01,ABR,TERRA,"555948,9142700001",NORDESTE
2016-01-01,AGO,TERRA,"544115,81858",NORDESTE
2016-01-01,DEZ,TERRA,"519508,1438",NORDESTE
2016-01-01,FEV,TERRA,"544470,8794",NORDESTE
2016-01-01,JAN,TERRA,"582496,23491",NORDESTE
2016-01-01,JUL,TERRA,"560148,97492",NORDESTE
2016-01-01,JUN,TERRA,"548624,6086",NORDESTE
2016-01-01,MAI,TERRA,"572725,65362",NORDESTE
2016-01-01,MAR,TERRA,"577039,77932",NORDESTE
2016-01-01,NOV,TERRA,"523058,48879",NORDESTE
2016-01-01,OUT,TERRA,"530774,0952",NORDESTE
2016-01-01,SET,TERRA,"529004,1793",NORDESTE
2017-01-01,ABR,MAR,"74439,41902",NORDESTE
2017-01-01,AGO,MAR,"77851,06195",NORDESTE
2017-01-01,DEZ,MAR,"78668,16595",NORDESTE
2017-01-01,FEV,MAR,"72242,54926",NORDESTE
2017-01-01,JAN,MAR,"82585,42192",NORDESTE
2017-01-01,JUL,MAR,"83143,4552",NORDESTE
2017-01-01,JUN,MAR,"70488,76963",NORDESTE
2017-01-01,MAI,MAR,"74463,92216",NORDESTE
2017-01-01,MAR,MAR,"81134,84741",NORDESTE
2017-01-01,NOV,MAR,"76854,13189",NORDESTE
2017-01-01,OUT,MAR,"77664,95367",NORDESTE
2017-01-01,SET,MAR,"74061,73852",NORDESTE
2017-01-01,ABR,TERRA,"460729,57236",NORDESTE
2017-01-01,AGO,TERRA,"462132,16619",NORDESTE
2017-01-01,DEZ,TERRA,"437915,18527",NORDESTE
2017-01-01,FEV,TERRA,"456458,01012",NORDESTE
2017-01-01,JAN,TERRA,"511711,32216",NORDESTE
2017-01-01,JUL,TERRA,"463209,38983",NORDESTE
2017-01-01,JUN,TERRA,"454276,95941",NORDESTE
2017-01-01,MAI,TERRA,"485998,94404000003",NORDESTE
2017-01-01,MAR,TERRA,"491995,80627999996",NORDESTE
2017-01-01,NOV,TERRA,"433286,95698",NORDESTE
2017-01-01,OUT,TERRA,"461442,96254",NORDESTE
2017-01-01,SET,TERRA,"446673,91885",NORDESTE
2018-01-01,ABR,MAR,"70494,24828",NORDESTE
2018-01-01,AGO,MAR,"71417,55046",NORDESTE
2018-01-01,DEZ,MAR,"67207,92814",NORDESTE
2018-01-01,FEV,MAR,"69121,66434999999",NORDESTE
2018-01-01,JAN,MAR,"76642,24352999999",NORDESTE
2018-01-01,JUL,MAR,"72739,24605",NORDESTE
2018-01-01,JUN,MAR,"74563,21825",NORDESTE
2018-01-01,MAI,MAR,"79836,73484",NORDESTE
2018-01-01,MAR,MAR,"76379,00249",NORDESTE
2018-01-01,NOV,MAR,"70431,64667",NORDESTE
2018-01-01,OUT,MAR,"71682,52508",NORDESTE
2018-01-01,SET,MAR,"68559,84984000001",NORDESTE
2018-01-01,ABR,TERRA,"389800,74197",NORDESTE
2018-01-01,AGO,TERRA,"384698,77223999996",NORDESTE
2018-01-01,DEZ,TERRA,"390713,36114",NORDESTE
2018-01-01,FEV,TERRA,"384847,37854",NORDESTE
2018-01-01,JAN,TERRA,"438644,05522",NORDESTE
2018-01-01,JUL,TERRA,"394463,58103",NORDESTE
2018-01-01,JUN,TERRA,"384393,91536",NORDESTE
2018-01-01,MAI,TERRA,"391288,81454",NORDESTE
2018-01-01,MAR,TERRA,"409003,99410999997",NORDESTE
2018-01-01,NOV,TERRA,"376954,87202999997",NORDESTE
2018-01-01,OUT,TERRA,"387639,35106",NORDESTE
2018-01-01,SET,TERRA,"373193,75074",NORDESTE
2019-01-01,ABR,MAR,"61055,72376",NORDESTE
2019-01-01,AGO,MAR,"61491,314979999996",NORDESTE
2019-01-01,DEZ,MAR,"60324,159459999995",NORDESTE
2019-01-01,FEV,MAR,"55535,071930000006",NORDESTE
2019-01-01,JAN,MAR,"62318,2811",NORDESTE
2019-01-01,JUL,MAR,"71171,64867",NORDESTE
2019-01-01,JUN,MAR,"65302,92121",NORDESTE
2019-01-01,MAI,MAR,"64105,9335",NORDESTE
2019-01-01,MAR,MAR,"60431,53515",NORDESTE
2019-01-01,NOV,MAR,"60569,2468",NORDESTE
2019-01-01,OUT,MAR,"63240,59435",NORDESTE
2019-01-01,SET,MAR,"60218,82925",NORDESTE
2019-01-01,ABR,TERRA,"362750,71421",NORDESTE
2019-01-01,AGO,TERRA,"373640,19951",NORDESTE
2019-01-01,DEZ,TERRA,"363805,08768",NORDESTE
2019-01-01,FEV,TERRA,"351964,01606",NORDESTE
2019-01-01,JAN,TERRA,"391136,49424",NORDESTE
2019-01-01,JUL,TERRA,"361973,6797",NORDESTE
2019-01-01,JUN,TERRA,"350059,668",NORDESTE
2019-01-01,MAI,TERRA,"367161,64603",NORDESTE
2019-01-01,MAR,TERRA,"379654,1711",NORDESTE
2019-01-01,NOV,TERRA,"361024,30799",NORDESTE
2019-01-01,OUT,TERRA,"374736,92238",NORDESTE
2019-01-01,SET,TERRA,"367324,48561000003",NORDESTE
2020-01-01,ABR,MAR,"18279,56882",NORDESTE
2020-01-01,AGO,MAR,"16908,77075",NORDESTE
2020-01-01,DEZ,MAR,"15397,93382",NORDESTE
2020-01-01,FEV,MAR,"62730,311740000005",NORDESTE
2020-01-01,JAN,MAR,"52724,31525",NORDESTE
2020-01-01,JUL,MAR,"17023,75705",NORDESTE
2020-01-01,JUN,MAR,"16067,90523",NORDESTE
2020-01-01,MAI,MAR,"14683,283399999998",NORDESTE
2020-01-01,MAR,MAR,"78393,04457",NORDESTE
2020-01-01,NOV,MAR,"14612,07007",NORDESTE
2020-01-01,OUT,MAR,"13983,61512",NORDESTE
2020-01-01,SET,MAR,"15865,772260000002",NORDESTE
2020-01-01,ABR,TERRA,"336833,96626",NORDESTE
2020-01-01,AGO,TERRA,"344464,11691",NORDESTE
2020-01-01,DEZ,TERRA,"332125,46025999996",NORDESTE
2020-01-01,FEV,TERRA,"335017,34572",NORDESTE
2020-01-01,JAN,TERRA,"359233,72835",NORDESTE
2020-01-01,JUL,TERRA,"343097,25602",NORDESTE
2020-01-01,JUN,TERRA,"337991,48513000004",NORDESTE
2020-01-01,MAI,TERRA,"351969,24326",NORDESTE
2020-01-01,MAR,TERRA,"356856,69104999996",NORDESTE
2020-01-01,NOV,TERRA,"317249,86435",NORDESTE
2020-01-01,OUT,TERRA,"337877,67387",NORDESTE
2020-01-01,SET,TERRA,"332666,27156",NORDESTE
2021-01-01,ABR,MAR,"14395,987009999999",NORDESTE
2021-01-01,AGO,MAR,"3824,6212800000003",NORDESTE
2021-01-01,DEZ,MAR,"3826,3505299999997",NORDESTE
2021-01-01,FEV,MAR,"12540,92094",NORDESTE
2021-01-01,JAN,MAR,"14907,96784",NORDESTE
2021-01-01,JUL,MAR,"4920,36045",NORDESTE
2021-01-01,JUN,MAR,"4654,64284",NORDESTE
2021-01-01,MAI,MAR,"4539,77916",NORDESTE
2021-01-01,MAR,MAR,"15001,46282",NORDESTE
2021-01-01,NOV,MAR,"3875,25751",NORDESTE
2021-01-01,OUT,MAR,"3860,44623",NORDESTE
2021-01-01,SET,MAR,"3138,45264",NORDESTE
2021-01-01,ABR,TERRA,"296064,62545",NORDESTE
2021-01-01,AGO,TERRA,"313839,86088000005",NORDESTE
2021-01-01,DEZ,TERRA,"311937,82886999997",NORDESTE
2021-01-01,FEV,TERRA,"304998,39591",NORDESTE
2021-01-01,JAN,TERRA,"338999,56742",NORDESTE
2021-01-01,JUL,TERRA,"318408,55957",NORDESTE
2021-01-01,JUN,TERRA,"309032,36062",NORDESTE
2021-01-01,MAI,TERRA,"327212,23997999995",NORDESTE
2021-01-01,MAR,TERRA,"334497,27948",NORDESTE
2021-01-01,NOV,TERRA,"297427,24408",NORDESTE
2021-01-01,OUT,TERRA,"312812,02930000005",NORDESTE
2021-01-01,SET,TERRA,"304420,77427000005",NORDESTE
2022-01-01,ABR,MAR,"4489,6973",NORDESTE
2022-01-01,AGO,MAR,"3814,99944",NORDESTE
2022-01-01,DEZ,MAR,"3557,48835",NORDESTE
2022-01-01,FEV,MAR,"3483,58154",NORDESTE
2022-01-01,JAN,MAR,"4004,44206",NORDESTE
2022-01-01,JUL,MAR,"3818,7195",NORDESTE
2022-01-01,JUN,MAR,"3896,2889400000004",NORDESTE
2022-01-01,MAI,MAR,"4293,751050000001",NORDESTE
2022-01-01,MAR,MAR,"3999,7699300000004",NORDESTE
2022-01-01,NOV,MAR,"3603,2055800000003",NORDESTE
2022-01-01,OUT,MAR,"3491,09113",NORDESTE
2022-01-01,SET,MAR,"3305,8972400000002",NORDESTE
2022-01-01,ABR,TERRA,"291197,67524",NORDESTE
2022-01-01,AGO,TERRA,"265293,02633",NORDESTE
2022-01-01,DEZ,TERRA,"283817,43539",NORDESTE
2022-01-01,FEV,TERRA,"292775,51819",NORDESTE
2022-01-01,JAN,TERRA,"316944,88809",NORDESTE
2022-01-01,JUL,TERRA,"274183,87893999997",NORDESTE
2022-01-01,JUN,TERRA,"255809,41012999997",NORDESTE
2022-01-01,MAI,TERRA,"269745,91937",NORDESTE
2022-01-01,MAR,TERRA,"327600,1152",NORDESTE
2022-01-01,NOV,TERRA,"287014,61226",NORDESTE
2022-01-01,OUT,TERRA,"280815,41397",NORDESTE
2022-01-01,SET,TERRA,"258923,19613",NORDESTE
2023-01-01,ABR,MAR,"3125,494",NORDESTE
2023-01-01,AGO,MAR,"2903,552",NORDESTE
2023-01-01,DEZ,MAR,"0,0",NORDESTE
2023-01-01,FEV,MAR,"3279,4700000000003",NORDESTE
2023-01-01,JAN,MAR,"3424,764",NORDESTE
2023-01-01,JUL,MAR,"2733,0",NORDESTE
2023-01-01,JUN,MAR,"3241,312",NORDESTE
2023-01-01,MAI,MAR,"3453,848",NORDESTE
2023-01-01,MAR,MAR,"3317,248",NORDESTE
2023-01-01,NOV,MAR,"0,0",NORDESTE
2023-01-01,OUT,MAR,"0,0",NORDESTE
2023-01-01,SET,MAR,"2665,796",NORDESTE
2023-01-01,ABR,TERRA,"241970,74599999998",NORDESTE
2023-01-01,AGO,TERRA,"303402,95",NORDESTE
2023-01-01,DEZ,TERRA,"0,0",NORDESTE
2023-01-01,FEV,TERRA,"217016,59100000001",NORDESTE
2023-01-01,JAN,TERRA,"243249,027",NORDESTE
2023-01-01,JUL,TERRA,"317080,57399999996",NORDESTE
2023-01-01,JUN,TERRA,"279759,282",NORDESTE
2023-01-01,MAI,TERRA,"265191,27599999995",NORDESTE
2023-01-01,MAR,TERRA,"251223,68099999998",NORDESTE
2023-01-01,NOV,TERRA,"0,0",NORDESTE
2023-01-01,OUT,TERRA,"0,0",NORDESTE
2023-01-01,SET,TERRA,"317927,581",NORDESTE
1997-01-01,JAN,MAR,"33256,0",SERGIPE
1997-01-01,FEV,MAR,"34587,0",SERGIPE
1997-01-01,MAR,MAR,"33395,0",SERGIPE
1997-01-01,ABR,MAR,"32075,0",SERGIPE
1997-01-01,MAI,MAR,"36052,0",SERGIPE
1997-01-01,JUN,MAR,"34855,0",SERGIPE
1997-01-01,JUL,MAR,"35978,0",SERGIPE
1997-01-01,AGO,MAR,"34270,0",SERGIPE
1997-01-01,SET,MAR,"39655,0",SERGIPE
1997-01-01,OUT,MAR,"38630,0",SERGIPE
1997-01-01,NOV,MAR,"36395,0",SERGIPE
1997-01-01,DEZ,MAR,"38719,0",SERGIPE
1997-01-01,JAN,TERRA,"123453,0",SERGIPE
1997-01-01,FEV,TERRA,"124334,0",SERGIPE
1997-01-01,MAR,TERRA,"127248,0",SERGIPE
1997-01-01,ABR,TERRA,"121150,0",SERGIPE
1997-01-01,MAI,TERRA,"123758,0",SERGIPE
1997-01-01,JUN,TERRA,"122921,0",SERGIPE
1997-01-01,JUL,TERRA,"126212,0",SERGIPE
1997-01-01,AGO,TERRA,"126845,0",SERGIPE
1997-01-01,SET,TERRA,"118348,0",SERGIPE
1997-01-01,OUT,TERRA,"125735,0",SERGIPE
1997-01-01,NOV,TERRA,"124150,0",SERGIPE
1997-01-01,DEZ,TERRA,"128509,0",SERGIPE
1998-01-01,JAN,MAR,"40322,0",SERGIPE
1998-01-01,FEV,MAR,"35793,0",SERGIPE
1998-01-01,MAR,MAR,"42695,0",SERGIPE
1998-01-01,ABR,MAR,"46950,0",SERGIPE
1998-01-01,MAI,MAR,"53467,0",SERGIPE
1998-01-01,JUN,MAR,"49390,0",SERGIPE
1998-01-01,JUL,MAR,"59384,0",SERGIPE
1998-01-01,AGO,MAR,"55737,0",SERGIPE
1998-01-01,SET,MAR,"52230,0",SERGIPE
1998-01-01,OUT,MAR,"49450,0",SERGIPE
1998-01-01,NOV,MAR,"52000,0",SERGIPE
1998-01-01,DEZ,MAR,"72227,0",SERGIPE
1998-01-01,JAN,TERRA,"126243,0",SERGIPE
1998-01-01,FEV,TERRA,"111723,0",SERGIPE
1998-01-01,MAR,TERRA,"122812,0",SERGIPE
1998-01-01,ABR,TERRA,"117645,0",SERGIPE
1998-01-01,MAI,TERRA,"120795,0",SERGIPE
1998-01-01,JUN,TERRA,"117450,0",SERGIPE
1998-01-01,JUL,TERRA,"119446,0",SERGIPE
1998-01-01,AGO,TERRA,"118266,0",SERGIPE
1998-01-01,SET,TERRA,"116074,0",SERGIPE
1998-01-01,OUT,TERRA,"123119,0",SERGIPE
1998-01-01,NOV,TERRA,"116920,0",SERGIPE
1998-01-01,DEZ,TERRA,"121487,0",SERGIPE
1999-01-01,JAN,MAR,"59115,0",SERGIPE
1999-01-01,FEV,MAR,"57185,0",SERGIPE
1999-01-01,MAR,MAR,"67965,0",SERGIPE
1999-01-01,ABR,MAR,"69695,0",SERGIPE
1999-01-01,MAI,MAR,"73245,0",SERGIPE
1999-01-01,JUN,MAR,"71941,0",SERGIPE
1999-01-01,JUL,MAR,"73630,0",SERGIPE
1999-01-01,AGO,MAR,"68415,0",SERGIPE
1999-01-01,SET,MAR,"67970,0",SERGIPE
1999-01-01,OUT,MAR,"66470,0",SERGIPE
1999-01-01,NOV,MAR,"65031,6",SERGIPE
1999-01-01,DEZ,MAR,"66863,04",SERGIPE
1999-01-01,JAN,TERRA,"116350,0",SERGIPE
1999-01-01,FEV,TERRA,"104032,0",SERGIPE
1999-01-01,MAR,TERRA,"115015,0",SERGIPE
1999-01-01,ABR,TERRA,"115132,0",SERGIPE
1999-01-01,MAI,TERRA,"117063,6",SERGIPE
1999-01-01,JUN,TERRA,"114395,0",SERGIPE
1999-01-01,JUL,TERRA,"117959,0",SERGIPE
1999-01-01,AGO,TERRA,"118631,0",SERGIPE
1999-01-01,SET,TERRA,"115095,0",SERGIPE
1999-01-01,OUT,TERRA,"119371,0",SERGIPE
1999-01-01,NOV,TERRA,"116490,0",SERGIPE
1999-01-01,DEZ,TERRA,"119977,0",SERGIPE
2000-01-01,JAN,MAR,"67457,34",SERGIPE
2000-01-01,FEV,MAR,"60889,2",SERGIPE
2000-01-01,MAR,MAR,"65116,84",SERGIPE
2000-01-01,ABR,MAR,"61945,2",SERGIPE
2000-01-01,MAI,MAR,"64808,09",SERGIPE
2000-01-01,JUN,MAR,"62066,63",SERGIPE
2000-01-01,JUL,MAR,"60013,49",SERGIPE
2000-01-01,AGO,MAR,"61639,85",SERGIPE
2000-01-01,SET,MAR,"57961,17",SERGIPE
2000-01-01,OUT,MAR,"55996,98",SERGIPE
2000-01-01,NOV,MAR,"54130,0",SERGIPE
2000-01-01,DEZ,MAR,"53573,0",SERGIPE
2000-01-01,JAN,TERRA,"118782,0",SERGIPE
2000-01-01,FEV,TERRA,"112772,0",SERGIPE
2000-01-01,MAR,TERRA,"120995,0",SERGIPE
2000-01-01,ABR,TERRA,"116268,0",SERGIPE
2000-01-01,MAI,TERRA,"121387,0",SERGIPE
2000-01-01,JUN,TERRA,"116405,0",SERGIPE
2000-01-01,JUL,TERRA,"118485,0",SERGIPE
2000-01-01,AGO,TERRA,"118793,0",SERGIPE
2000-01-01,SET,TERRA,"115260,0",SERGIPE
2000-01-01,OUT,TERRA,"119539,0",SERGIPE
2000-01-01,NOV,TERRA,"116025,0",SERGIPE
2000-01-01,DEZ,TERRA,"120835,0",SERGIPE
2001-01-01,JAN,MAR,"51501,66",SERGIPE
2001-01-01,FEV,MAR,"46515,0",SERGIPE
2001-01-01,MAR,MAR,"50699,0",SERGIPE
2001-01-01,ABR,MAR,"48221,0",SERGIPE
2001-01-01,MAI,MAR,"49062,0",SERGIPE
2001-01-01,JUN,MAR,"51124,0",SERGIPE
2001-01-01,JUL,MAR,"55798,0",SERGIPE
2001-01-01,AGO,MAR,"53855,0",SERGIPE
2001-01-01,SET,MAR,"51132,0",SERGIPE
2001-01-01,OUT,MAR,"52801,0",SERGIPE
2001-01-01,NOV,MAR,"50067,49",SERGIPE
2001-01-01,DEZ,MAR,"52887,0",SERGIPE
2001-01-01,JAN,TERRA,"120510,0",SERGIPE
2001-01-01,FEV,TERRA,"109247,0",SERGIPE
2001-01-01,MAR,TERRA,"123043,0",SERGIPE
2001-01-01,ABR,TERRA,"121016,0",SERGIPE
2001-01-01,MAI,TERRA,"125184,0",SERGIPE
2001-01-01,JUN,TERRA,"122170,0",SERGIPE
2001-01-01,JUL,TERRA,"126790,0",SERGIPE
2001-01-01,AGO,TERRA,"125481,0",SERGIPE
2001-01-01,SET,TERRA,"120989,0",SERGIPE
2001-01-01,OUT,TERRA,"124841,0",SERGIPE
2001-01-01,NOV,TERRA,"120711,0",SERGIPE
2001-01-01,DEZ,TERRA,"124660,0",SERGIPE
2002-01-01,JAN,MAR,"52929,0",SERGIPE
2002-01-01,FEV,MAR,"47615,0",SERGIPE
2002-01-01,MAR,MAR,"51173,0",SERGIPE
2002-01-01,ABR,MAR,"38348,0",SERGIPE
2002-01-01,MAI,MAR,"29451,0",SERGIPE
2002-01-01,JUN,MAR,"36290,0",SERGIPE
2002-01-01,JUL,MAR,"44708,0",SERGIPE
2002-01-01,AGO,MAR,"48760,0",SERGIPE
2002-01-01,SET,MAR,"46182,0",SERGIPE
2002-01-01,OUT,MAR,"42526,0",SERGIPE
2002-01-01,NOV,MAR,"38208,0",SERGIPE
2002-01-01,DEZ,MAR,"40609,0",SERGIPE
2002-01-01,JAN,TERRA,"124656,0",SERGIPE
2002-01-01,FEV,TERRA,"112700,0",SERGIPE
2002-01-01,MAR,TERRA,"124988,0",SERGIPE
2002-01-01,ABR,TERRA,"122578,0",SERGIPE
2002-01-01,MAI,TERRA,"127506,0",SERGIPE
2002-01-01,JUN,TERRA,"126529,0",SERGIPE
2002-01-01,JUL,TERRA,"133400,0",SERGIPE
2002-01-01,AGO,TERRA,"130435,0",SERGIPE
2002-01-01,SET,TERRA,"130340,0",SERGIPE
2002-01-01,OUT,TERRA,"138670,0",SERGIPE
2002-01-01,NOV,TERRA,"134424,0",SERGIPE
2002-01-01,DEZ,TERRA,"132989,0",SERGIPE
2003-01-01,JAN,MAR,"42397,0",SERGIPE
2003-01-01,FEV,MAR,"38106,0",SERGIPE
2003-01-01,MAR,MAR,"37984,0",SERGIPE
2003-01-01,ABR,MAR,"25705,0",SERGIPE
2003-01-01,MAI,MAR,"35930,0",SERGIPE
2003-01-01,JUN,MAR,"33295,0",SERGIPE
2003-01-01,JUL,MAR,"30830,0",SERGIPE
2003-01-01,AGO,MAR,"35794,76",SERGIPE
2003-01-01,SET,MAR,"36595,0",SERGIPE
2003-01-01,OUT,MAR,"38722,44",SERGIPE
2003-01-01,NOV,MAR,"32377,2",SERGIPE
2003-01-01,DEZ,MAR,"33602,97",SERGIPE
2003-01-01,JAN,TERRA,"138500,0",SERGIPE
2003-01-01,FEV,TERRA,"128400,0",SERGIPE
2003-01-01,MAR,TERRA,"139362,0",SERGIPE
2003-01-01,ABR,TERRA,"141000,0",SERGIPE
2003-01-01,MAI,TERRA,"150400,0",SERGIPE
2003-01-01,JUN,TERRA,"142950,0",SERGIPE
2003-01-01,JUL,TERRA,"148270,0",SERGIPE
2003-01-01,AGO,TERRA,"151850,0",SERGIPE
2003-01-01,SET,TERRA,"143350,0",SERGIPE
2003-01-01,OUT,TERRA,"148790,0",SERGIPE
2003-01-01,NOV,TERRA,"143200,0",SERGIPE
2003-01-01,DEZ,TERRA,"147380,0",SERGIPE
2004-01-01,JAN,MAR,"35302,0",SERGIPE
2004-01-01,FEV,MAR,"31928,12",SERGIPE
2004-01-01,MAR,MAR,"34092,0",SERGIPE
2004-01-01,ABR,MAR,"31269,0",SERGIPE
2004-01-01,MAI,MAR,"34103,83",SERGIPE
2004-01-01,JUN,MAR,"35733,0",SERGIPE
2004-01-01,JUL,MAR,"34075,0",SERGIPE
2004-01-01,AGO,MAR,"32940,0",SERGIPE
2004-01-01,SET,MAR,"31830,0",SERGIPE
2004-01-01,OUT,MAR,"33809,53",SERGIPE
2004-01-01,NOV,MAR,"33298,57",SERGIPE
2004-01-01,DEZ,MAR,"33827,52",SERGIPE
2004-01-01,JAN,TERRA,"143850,0",SERGIPE
2004-01-01,FEV,TERRA,"138650,0",SERGIPE
2004-01-01,MAR,TERRA,"152020,0",SERGIPE
2004-01-01,ABR,TERRA,"147370,0",SERGIPE
2004-01-01,MAI,TERRA,"153987,0",SERGIPE
2004-01-01,JUN,TERRA,"154105,0",SERGIPE
2004-01-01,JUL,TERRA,"159825,0",SERGIPE
2004-01-01,AGO,TERRA,"160120,0",SERGIPE
2004-01-01,SET,TERRA,"152550,0",SERGIPE
2004-01-01,OUT,TERRA,"155440,0",SERGIPE
2004-01-01,NOV,TERRA,"148150,0",SERGIPE
2004-01-01,DEZ,TERRA,"151561,0",SERGIPE
2005-01-01,JAN,MAR,"30628,36",SERGIPE
2005-01-01,FEV,MAR,"29425,45",SERGIPE
2005-01-01,MAR,MAR,"31326,66",SERGIPE
2005-01-01,ABR,MAR,"29009,05",SERGIPE
2005-01-01,MAI,MAR,"28070,81",SERGIPE
2005-01-01,JUN,MAR,"29672,0",SERGIPE
2005-01-01,JUL,MAR,"33302,0",SERGIPE
2005-01-01,AGO,MAR,"32948,0",SERGIPE
2005-01-01,SET,MAR,"31329,0",SERGIPE
2005-01-01,OUT,MAR,"30952,0",SERGIPE
2005-01-01,NOV,MAR,"29365,0",SERGIPE
2005-01-01,DEZ,MAR,"30825,0",SERGIPE
2005-01-01,JAN,TERRA,"162680,0",SERGIPE
2005-01-01,FEV,TERRA,"145092,0",SERGIPE
2005-01-01,MAR,TERRA,"159290,0",SERGIPE
2005-01-01,ABR,TERRA,"157029,0",SERGIPE
2005-01-01,MAI,TERRA,"157086,0",SERGIPE
2005-01-01,JUN,TERRA,"154842,0",SERGIPE
2005-01-01,JUL,TERRA,"159203,0",SERGIPE
2005-01-01,AGO,TERRA,"156787,0",SERGIPE
2005-01-01,SET,TERRA,"155373,0",SERGIPE
2005-01-01,OUT,TERRA,"163074,0",SERGIPE
2005-01-01,NOV,TERRA,"161010,0",SERGIPE
2005-01-01,DEZ,TERRA,"161838,0",SERGIPE
2006-01-01,JAN,MAR,"28740,7",SERGIPE
2006-01-01,FEV,MAR,"27224,0",SERGIPE
2006-01-01,MAR,MAR,"31406,0",SERGIPE
2006-01-01,ABR,MAR,"30503,0",SERGIPE
2006-01-01,MAI,MAR,"31138,0",SERGIPE
2006-01-01,JUN,MAR,"30654,0",SERGIPE
2006-01-01,JUL,MAR,"30665,0",SERGIPE
2006-01-01,AGO,MAR,"31359,0",SERGIPE
2006-01-01,SET,MAR,"31517,0",SERGIPE
2006-01-01,OUT,MAR,"30524,0",SERGIPE
2006-01-01,NOV,MAR,"30230,0",SERGIPE
2006-01-01,DEZ,MAR,"31718,0",SERGIPE
2006-01-01,JAN,TERRA,"164643,3",SERGIPE
2006-01-01,FEV,TERRA,"146446,0",SERGIPE
2006-01-01,MAR,TERRA,"160810,0",SERGIPE
2006-01-01,ABR,TERRA,"156451,0",SERGIPE
2006-01-01,MAI,TERRA,"159190,0",SERGIPE
2006-01-01,JUN,TERRA,"154828,0",SERGIPE
2006-01-01,JUL,TERRA,"158341,0",SERGIPE
2006-01-01,AGO,TERRA,"159914,0",SERGIPE
2006-01-01,SET,TERRA,"156552,0",SERGIPE
2006-01-01,OUT,TERRA,"165712,0",SERGIPE
2006-01-01,NOV,TERRA,"162140,0",SERGIPE
2006-01-01,DEZ,TERRA,"169799,0",SERGIPE
2007-01-01,JAN,MAR,"32512,0",SERGIPE
2007-01-01,FEV,MAR,"29049,0",SERGIPE
2007-01-01,MAR,MAR,"30424,0",SERGIPE
2007-01-01,ABR,MAR,"25457,0",SERGIPE
2007-01-01,MAI,MAR,"11675,0",SERGIPE
2007-01-01,JUN,MAR,"27662,0",SERGIPE
2007-01-01,JUL,MAR,"31342,0",SERGIPE
2007-01-01,AGO,MAR,"31267,0",SERGIPE
2007-01-01,SET,MAR,"30773,0",SERGIPE
2007-01-01,OUT,MAR,"63697,0",SERGIPE
2007-01-01,NOV,MAR,"63349,0",SERGIPE
2007-01-01,DEZ,MAR,"57208,0",SERGIPE
2007-01-01,JAN,TERRA,"168738,0",SERGIPE
2007-01-01,FEV,TERRA,"154636,046",SERGIPE
2007-01-01,MAR,TERRA,"170217,4",SERGIPE
2007-01-01,ABR,TERRA,"171475,3",SERGIPE
2007-01-01,MAI,TERRA,"168907,5",SERGIPE
2007-01-01,JUN,TERRA,"172801,5",SERGIPE
2007-01-01,JUL,TERRA,"172404,114",SERGIPE
2007-01-01,AGO,TERRA,"176111,144",SERGIPE
2007-01-01,SET,TERRA,"175160,882",SERGIPE
2007-01-01,OUT,TERRA,"175872,711",SERGIPE
2007-01-01,NOV,TERRA,"169590,398",SERGIPE
2007-01-01,DEZ,TERRA,"173274,218",SERGIPE
2008-01-01,JAN,MAR,"64435,0",SERGIPE
2008-01-01,FEV,MAR,"55963,0",SERGIPE
2008-01-01,MAR,MAR,"58202,0",SERGIPE
2008-01-01,ABR,MAR,"55559,72",SERGIPE
2008-01-01,MAI,MAR,"53885,89",SERGIPE
2008-01-01,JUN,MAR,"67259,06",SERGIPE
2008-01-01,JUL,MAR,"85136,71",SERGIPE
2008-01-01,AGO,MAR,"79885,29",SERGIPE
2008-01-01,SET,MAR,"70557,24",SERGIPE
2008-01-01,OUT,MAR,"66763,85",SERGIPE
2008-01-01,NOV,MAR,"59614,7",SERGIPE
2008-01-01,DEZ,MAR,"49490,28",SERGIPE
2008-01-01,JAN,TERRA,"176495,858",SERGIPE
2008-01-01,FEV,TERRA,"157063,084",SERGIPE
2008-01-01,MAR,TERRA,"166354,371",SERGIPE
2008-01-01,ABR,TERRA,"160730,142",SERGIPE
2008-01-01,MAI,TERRA,"169630,7865",SERGIPE
2008-01-01,JUN,TERRA,"165194,9225",SERGIPE
2008-01-01,JUL,TERRA,"165433,709",SERGIPE
2008-01-01,AGO,TERRA,"166334,0998",SERGIPE
2008-01-01,SET,TERRA,"162016,996",SERGIPE
2008-01-01,OUT,TERRA,"165037,289",SERGIPE
2008-01-01,NOV,TERRA,"151526,2631",SERGIPE
2008-01-01,DEZ,TERRA,"161016,2384",SERGIPE
2009-01-01,JAN,MAR,"48714,06",SERGIPE
2009-01-01,FEV,MAR,"41635,13",SERGIPE
2009-01-01,MAR,MAR,"44459,4",SERGIPE
2009-01-01,ABR,MAR,"35849,04",SERGIPE
2009-01-01,MAI,MAR,"40120,7",SERGIPE
2009-01-01,JUN,MAR,"40193,82",SERGIPE
2009-01-01,JUL,MAR,"41416,5",SERGIPE
2009-01-01,AGO,MAR,"38227,0751",SERGIPE
2009-01-01,SET,MAR,"56836,60747",SERGIPE
2009-01-01,OUT,MAR,"56343,97598",SERGIPE
2009-01-01,NOV,MAR,"57594,347",SERGIPE
2009-01-01,DEZ,MAR,"57486,2038",SERGIPE
2009-01-01,JAN,TERRA,"166529,7156",SERGIPE
2009-01-01,FEV,TERRA,"151647,83",SERGIPE
2009-01-01,MAR,TERRA,"162609,8123",SERGIPE
2009-01-01,ABR,TERRA,"165331,0862",SERGIPE
2009-01-01,MAI,TERRA,"169426,4007",SERGIPE
2009-01-01,JUN,TERRA,"163507,4589",SERGIPE
2009-01-01,JUL,TERRA,"172505,3993",SERGIPE
2009-01-01,AGO,TERRA,"175612,9648",SERGIPE
2009-01-01,SET,TERRA,"166887,2325",SERGIPE
2009-01-01,OUT,TERRA,"169401,7702",SERGIPE
2009-01-01,NOV,TERRA,"167140,3836",SERGIPE
2009-01-01,DEZ,TERRA,"169963,4811",SERGIPE
2010-01-01,JAN,MAR,"52879,16476",SERGIPE
2010-01-01,FEV,MAR,"41733,37",SERGIPE
2010-01-01,MAR,MAR,"43717,97",SERGIPE
2010-01-01,ABR,MAR,"44045,64",SERGIPE
2010-01-01,MAI,MAR,"44690,66958",SERGIPE
2010-01-01,JUN,MAR,"42724,4757",SERGIPE
2010-01-01,JUL,MAR,"36657,24396",SERGIPE
2010-01-01,AGO,MAR,"39742,96435",SERGIPE
2010-01-01,SET,MAR,"40739,86705",SERGIPE
2010-01-01,OUT,MAR,"40868,2119",SERGIPE
2010-01-01,NOV,MAR,"24605,23019",SERGIPE
2010-01-01,DEZ,MAR,"34638,85098",SERGIPE
2010-01-01,JAN,TERRA,"166527,2156",SERGIPE
2010-01-01,FEV,TERRA,"149602,7083",SERGIPE
2010-01-01,MAR,TERRA,"165741,8191",SERGIPE
2010-01-01,ABR,TERRA,"156610,3621",SERGIPE
2010-01-01,MAI,TERRA,"166098,5211",SERGIPE
2010-01-01,JUN,TERRA,"152062,1507",SERGIPE
2010-01-01,JUL,TERRA,"157317,0869",SERGIPE
2010-01-01,AGO,TERRA,"159014,1872",SERGIPE
2010-01-01,SET,TERRA,"153740,7312",SERGIPE
2010-01-01,OUT,TERRA,"162465,9804",SERGIPE
2010-01-01,NOV,TERRA,"158690,3998",SERGIPE
2010-01-01,DEZ,TERRA,"163125,1386",SERGIPE
2011-01-01,JAN,MAR,"34593,17791",SERGIPE
2011-01-01,FEV,MAR,"32301,00762",SERGIPE
2011-01-01,MAR,MAR,"31994,90663",SERGIPE
2011-01-01,ABR,MAR,"31434,82093",SERGIPE
2011-01-01,MAI,MAR,"64240,40674",SERGIPE
2011-01-01,JUN,MAR,"61930,69161",SERGIPE
2011-01-01,JUL,MAR,"60270,34244",SERGIPE
2011-01-01,AGO,MAR,"60029,01879",SERGIPE
2011-01-01,SET,MAR,"42042,08338",SERGIPE
2011-01-01,OUT,MAR,"50084,57955",SERGIPE
2011-01-01,NOV,MAR,"49281,90621",SERGIPE
2011-01-01,DEZ,MAR,"52002,83679",SERGIPE
2011-01-01,JAN,TERRA,"163055,5455",SERGIPE
2011-01-01,FEV,TERRA,"145942,1105",SERGIPE
2011-01-01,MAR,TERRA,"161563,9512",SERGIPE
2011-01-01,ABR,TERRA,"150848,4329",SERGIPE
2011-01-01,MAI,TERRA,"156820,8714",SERGIPE
2011-01-01,JUN,TERRA,"153163,3715",SERGIPE
2011-01-01,JUL,TERRA,"157662,1963",SERGIPE
2011-01-01,AGO,TERRA,"156424,5102",SERGIPE
2011-01-01,SET,TERRA,"152875,6001",SERGIPE
2011-01-01,OUT,TERRA,"158716,9701",SERGIPE
2011-01-01,NOV,TERRA,"151159,1409",SERGIPE
2011-01-01,DEZ,TERRA,"159111,7533",SERGIPE
2012-01-01,JAN,MAR,"48589,52679",SERGIPE
2012-01-01,FEV,MAR,"40177,77929",SERGIPE
2012-01-01,MAR,MAR,"46380,92811",SERGIPE
2012-01-01,ABR,MAR,"40708,45896",SERGIPE
2012-01-01,MAI,MAR,"46488,99048",SERGIPE
2012-01-01,JUN,MAR,"45053,06082",SERGIPE
2012-01-01,JUL,MAR,"42399,69888",SERGIPE
2012-01-01,AGO,MAR,"42658,1665",SERGIPE
2012-01-01,SET,MAR,"41443,281",SERGIPE
2012-01-01,OUT,MAR,"42441,28599",SERGIPE
2012-01-01,NOV,MAR,"29955,273",SERGIPE
2012-01-01,DEZ,MAR,"42505,011",SERGIPE
2012-01-01,JAN,TERRA,"157212,8738",SERGIPE
2012-01-01,FEV,TERRA,"148193,3442",SERGIPE
2012-01-01,MAR,TERRA,"157189,6149",SERGIPE
2012-01-01,ABR,TERRA,"149236,7739",SERGIPE
2012-01-01,MAI,TERRA,"156483,3877",SERGIPE
2012-01-01,JUN,TERRA,"150035,8857",SERGIPE
2012-01-01,JUL,TERRA,"153928,4995",SERGIPE
2012-01-01,AGO,TERRA,"153528,021",SERGIPE
2012-01-01,SET,TERRA,"151302,8444",SERGIPE
2012-01-01,OUT,TERRA,"155622,5595",SERGIPE
2012-01-01,NOV,TERRA,"147016,5447",SERGIPE
2012-01-01,DEZ,TERRA,"156151,0217",SERGIPE
2013-01-01,JAN,MAR,"40653,14999",SERGIPE
2013-01-01,FEV,MAR,"35419,36499",SERGIPE
2013-01-01,MAR,MAR,"37100,84199",SERGIPE
2013-01-01,ABR,MAR,"36204,978",SERGIPE
2013-01-01,MAI,MAR,"38909,596",SERGIPE
2013-01-01,JUN,MAR,"37119,21098",SERGIPE
2013-01-01,JUL,MAR,"36118,36092",SERGIPE
2013-01-01,AGO,MAR,"60447,97404",SERGIPE
2013-01-01,SET,MAR,"64956,16297",SERGIPE
2013-01-01,OUT,MAR,"65840,87002",SERGIPE
2013-01-01,NOV,MAR,"60977,08096",SERGIPE
2013-01-01,DEZ,MAR,"61749,16611",SERGIPE
2013-01-01,JAN,TERRA,"147076,7178",SERGIPE
2013-01-01,FEV,TERRA,"137767,0299",SERGIPE
2013-01-01,MAR,TERRA,"150851,9668",SERGIPE
2013-01-01,ABR,TERRA,"143588,8509",SERGIPE
2013-01-01,MAI,TERRA,"143332,8476",SERGIPE
2013-01-01,JUN,TERRA,"140226,4794",SERGIPE
2013-01-01,JUL,TERRA,"138530,3259",SERGIPE
2013-01-01,AGO,TERRA,"139132,5411",SERGIPE
2013-01-01,SET,TERRA,"137446,9737",SERGIPE
2013-01-01,OUT,TERRA,"140116,1033",SERGIPE
2013-01-01,NOV,TERRA,"132887,6324",SERGIPE
2013-01-01,DEZ,TERRA,"138657,2729",SERGIPE
2014-01-01,JAN,MAR,"50574,79103",SERGIPE
2014-01-01,FEV,MAR,"68172,547",SERGIPE
2014-01-01,MAR,MAR,"76018,328",SERGIPE
2014-01-01,ABR,MAR,"70358,13595",SERGIPE
2014-01-01,MAI,MAR,"69724,15902",SERGIPE
2014-01-01,JUN,MAR,"65252,66008",SERGIPE
2014-01-01,JUL,MAR,"65659,14602",SERGIPE
2014-01-01,AGO,MAR,"64511,157",SERGIPE
2014-01-01,SET,MAR,"60722,22",SERGIPE
2014-01-01,OUT,MAR,"61673,53501",SERGIPE
2014-01-01,NOV,MAR,"58792,454",SERGIPE
2014-01-01,DEZ,MAR,"57885,255",SERGIPE
2014-01-01,JAN,TERRA,"139914,6365",SERGIPE
2014-01-01,FEV,TERRA,"126419,7328",SERGIPE
2014-01-01,MAR,TERRA,"140460,9101",SERGIPE
2014-01-01,ABR,TERRA,"135682,6149",SERGIPE
2014-01-01,MAI,TERRA,"138428,062",SERGIPE
2014-01-01,JUN,TERRA,"134972,0969",SERGIPE
2014-01-01,JUL,TERRA,"134230,5125",SERGIPE
2014-01-01,AGO,TERRA,"133855,2886",SERGIPE
2014-01-01,SET,TERRA,"131433,4118",SERGIPE
2014-01-01,OUT,TERRA,"135124,9379",SERGIPE
2014-01-01,NOV,TERRA,"127011,3215",SERGIPE
2014-01-01,DEZ,TERRA,"133473,6201",SERGIPE
2015-01-01,JAN,MAR,"55089,03599",SERGIPE
2015-01-01,FEV,MAR,"47575,873",SERGIPE
2015-01-01,MAR,MAR,"49738,606",SERGIPE
2015-01-01,ABR,MAR,"45550,737",SERGIPE
2015-01-01,MAI,MAR,"45456,844",SERGIPE
2015-01-01,JUN,MAR,"40349,258",SERGIPE
2015-01-01,JUL,MAR,"17039,537",SERGIPE
2015-01-01,AGO,MAR,"31148,935",SERGIPE
2015-01-01,SET,MAR,"38555,162",SERGIPE
2015-01-01,OUT,MAR,"37107,205",SERGIPE
2015-01-01,NOV,MAR,"36297,433",SERGIPE
2015-01-01,DEZ,MAR,"31830,43",SERGIPE
2015-01-01,JAN,TERRA,"130241,14",SERGIPE
2015-01-01,FEV,TERRA,"115408,3329",SERGIPE
2015-01-01,MAR,TERRA,"129348,458",SERGIPE
2015-01-01,ABR,TERRA,"128351,3727",SERGIPE
2015-01-01,MAI,TERRA,"129124,1432",SERGIPE
2015-01-01,JUN,TERRA,"119938,0026",SERGIPE
2015-01-01,JUL,TERRA,"120188,62",SERGIPE
2015-01-01,AGO,TERRA,"122439,6059",SERGIPE
2015-01-01,SET,TERRA,"119114,8321",SERGIPE
2015-01-01,OUT,TERRA,"125847,8333",SERGIPE
2015-01-01,NOV,TERRA,"99218,48618",SERGIPE
2015-01-01,DEZ,TERRA,"118901,5056",SERGIPE
2016-01-01,JAN,MAR,"39767,35",SERGIPE
2016-01-01,FEV,MAR,"35594,76007",SERGIPE
2016-01-01,MAR,MAR,"37247,64004",SERGIPE
2016-01-01,ABR,MAR,"36099,12",SERGIPE
2016-01-01,MAI,MAR,"37240,28998",SERGIPE
2016-01-01,JUN,MAR,"36738,07003",SERGIPE
2016-01-01,JUL,MAR,"38202,94011",SERGIPE
2016-01-01,AGO,MAR,"38647,58002",SERGIPE
2016-01-01,SET,MAR,"36787,78003",SERGIPE
2016-01-01,OUT,MAR,"36331,01",SERGIPE
2016-01-01,NOV,MAR,"30188,01005",SERGIPE
2016-01-01,DEZ,MAR,"28793,27002",SERGIPE
2016-01-01,JAN,TERRA,"115931,2854",SERGIPE
2016-01-01,FEV,TERRA,"109522,9315",SERGIPE
2016-01-01,MAR,TERRA,"116942,7206",SERGIPE
2016-01-01,ABR,TERRA,"111534,1658",SERGIPE
2016-01-01,MAI,TERRA,"111702,6511",SERGIPE
2016-01-01,JUN,TERRA,"109291,3898",SERGIPE
2016-01-01,JUL,TERRA,"108578,0317",SERGIPE
2016-01-01,AGO,TERRA,"103618,2891",SERGIPE
2016-01-01,SET,TERRA,"101823,7664",SERGIPE
2016-01-01,OUT,TERRA,"99176,48658",SERGIPE
2016-01-01,NOV,TERRA,"109123,4748",SERGIPE
2016-01-01,DEZ,TERRA,"104356,4147",SERGIPE
2017-01-01,JAN,MAR,"27639,04999",SERGIPE
2017-01-01,FEV,MAR,"24420,54002",SERGIPE
2017-01-01,MAR,MAR,"27769,74994",SERGIPE
2017-01-01,ABR,MAR,"25037,5",SERGIPE
2017-01-01,MAI,MAR,"26593,19998",SERGIPE
2017-01-01,JUN,MAR,"14947,75102",SERGIPE
2017-01-01,JUL,MAR,"27906,97601",SERGIPE
2017-01-01,AGO,MAR,"25117,21403",SERGIPE
2017-01-01,SET,MAR,"23615,10101",SERGIPE
2017-01-01,OUT,MAR,"25410,30401",SERGIPE
2017-01-01,NOV,MAR,"26012,89799",SERGIPE
2017-01-01,DEZ,MAR,"27492,83097",SERGIPE
2017-01-01,JAN,TERRA,"101562,5339",SERGIPE
2017-01-01,FEV,TERRA,"87500,53594",SERGIPE
2017-01-01,MAR,TERRA,"92257,37781",SERGIPE
2017-01-01,ABR,TERRA,"82237,21098",SERGIPE
2017-01-01,MAI,TERRA,"94276,08274",SERGIPE
2017-01-01,JUN,TERRA,"84505,87605",SERGIPE
2017-01-01,JUL,TERRA,"85725,83751",SERGIPE
2017-01-01,AGO,TERRA,"84034,91855",SERGIPE
2017-01-01,SET,TERRA,"82700,64954",SERGIPE
2017-01-01,OUT,TERRA,"86206,26567",SERGIPE
2017-01-01,NOV,TERRA,"81359,90272",SERGIPE
2017-01-01,DEZ,TERRA,"82491,64227",SERGIPE
2018-01-01,JAN,MAR,"26639,41496",SERGIPE
2018-01-01,FEV,MAR,"24390,55405",SERGIPE
2018-01-01,MAR,MAR,"24968,41299",SERGIPE
2018-01-01,ABR,MAR,"19457,62001",SERGIPE
2018-01-01,MAI,MAR,"25838,01699",SERGIPE
2018-01-01,JUN,MAR,"24213,138",SERGIPE
2018-01-01,JUL,MAR,"24692,477",SERGIPE
2018-01-01,AGO,MAR,"24367,473",SERGIPE
2018-01-01,SET,MAR,"23023,862",SERGIPE
2018-01-01,OUT,MAR,"24060,333",SERGIPE
2018-01-01,NOV,MAR,"21635,364",SERGIPE
2018-01-01,DEZ,MAR,"19040,618",SERGIPE
2018-01-01,JAN,TERRA,"82597,25157",SERGIPE
2018-01-01,FEV,TERRA,"70467,21531",SERGIPE
2018-01-01,MAR,TERRA,"71253,43887",SERGIPE
2018-01-01,ABR,TERRA,"64797,22888",SERGIPE
2018-01-01,MAI,TERRA,"64710,59892",SERGIPE
2018-01-01,JUN,TERRA,"62989,51949",SERGIPE
2018-01-01,JUL,TERRA,"63664,33774",SERGIPE
2018-01-01,AGO,TERRA,"61932,15742",SERGIPE
2018-01-01,SET,TERRA,"57107,81674",SERGIPE
2018-01-01,OUT,TERRA,"57757,80489",SERGIPE
2018-01-01,NOV,TERRA,"55428,36464",SERGIPE
2018-01-01,DEZ,TERRA,"58793,14026",SERGIPE
2019-01-01,JAN,MAR,"17605,8",SERGIPE
2019-01-01,FEV,MAR,"14386,044",SERGIPE
2019-01-01,MAR,MAR,"14673,96502",SERGIPE
2019-01-01,ABR,MAR,"14205,976",SERGIPE
2019-01-01,MAI,MAR,"15952,145",SERGIPE
2019-01-01,JUN,MAR,"18919,31899",SERGIPE
2019-01-01,JUL,MAR,"21946,685",SERGIPE
2019-01-01,AGO,MAR,"12860,785",SERGIPE
2019-01-01,SET,MAR,"22236,703",SERGIPE
2019-01-01,OUT,MAR,"18581,941",SERGIPE
2019-01-01,NOV,MAR,"16340,765",SERGIPE
2019-01-01,DEZ,MAR,"17099,5955",SERGIPE
2019-01-01,JAN,TERRA,"59430,03024",SERGIPE
2019-01-01,FEV,TERRA,"51502,25299",SERGIPE
2019-01-01,MAR,TERRA,"55926,0735",SERGIPE
2019-01-01,ABR,TERRA,"55178,13597",SERGIPE
2019-01-01,MAI,TERRA,"52657,64121",SERGIPE
2019-01-01,JUN,TERRA,"49240,29028",SERGIPE
2019-01-01,JUL,TERRA,"49896,55015",SERGIPE
2019-01-01,AGO,TERRA,"54907,31202",SERGIPE
2019-01-01,SET,TERRA,"54489,33399",SERGIPE
2019-01-01,OUT,TERRA,"56443,74533",SERGIPE
2019-01-01,NOV,TERRA,"53711,07696",SERGIPE
2019-01-01,DEZ,TERRA,"56413,34118",SERGIPE
2020-01-01,JAN,MAR,"18047,675",SERGIPE
2020-01-01,FEV,MAR,"23663,829",SERGIPE
2020-01-01,MAR,MAR,"42482,193",SERGIPE
2020-01-01,ABR,MAR,"7665,75099",SERGIPE
2020-01-01,MAI,MAR,"3718,94399",SERGIPE
2020-01-01,JUN,MAR,"3710,83134",SERGIPE
2020-01-01,JUL,MAR,"3500,146",SERGIPE
2020-01-01,AGO,MAR,"3215,4585",SERGIPE
2020-01-01,SET,MAR,"2485,48999",SERGIPE
2020-01-01,OUT,MAR,"1977,291",SERGIPE
2020-01-01,NOV,MAR,"1908,3875",SERGIPE
2020-01-01,DEZ,MAR,"1410,24083",SERGIPE
2020-01-01,JAN,TERRA,"55031,68668",SERGIPE
2020-01-01,FEV,TERRA,"50876,17589",SERGIPE
2020-01-01,MAR,TERRA,"54881,23544",SERGIPE
2020-01-01,ABR,TERRA,"52465,37516",SERGIPE
2020-01-01,MAI,TERRA,"53567,50823",SERGIPE
2020-01-01,JUN,TERRA,"49975,31857",SERGIPE
2020-01-01,JUL,TERRA,"48233,80749",SERGIPE
2020-01-01,AGO,TERRA,"49929,96018",SERGIPE
2020-01-01,SET,TERRA,"47881,02594",SERGIPE
2020-01-01,OUT,TERRA,"48093,03766",SERGIPE
2020-01-01,NOV,TERRA,"42867,18729",SERGIPE
2020-01-01,DEZ,TERRA,"43362,20588",SERGIPE
2021-01-01,JAN,MAR,"1507,001",SERGIPE
2021-01-01,FEV,MAR,"1315,71",SERGIPE
2021-01-01,MAR,MAR,"1310,138",SERGIPE
2021-01-01,ABR,MAR,"1131,3795",SERGIPE
2021-01-01,MAI,MAR,"1352,531",SERGIPE
2021-01-01,JUN,MAR,"1413,3865",SERGIPE
2021-01-01,JUL,MAR,"1648,333",SERGIPE
2021-01-01,AGO,MAR,"722,915",SERGIPE
2021-01-01,SET,MAR,"430,912",SERGIPE
2021-01-01,OUT,MAR,"441,26569",SERGIPE
2021-01-01,NOV,MAR,"681,28835",SERGIPE
2021-01-01,DEZ,MAR,"941,00159",SERGIPE
2021-01-01,JAN,TERRA,"41977,52794",SERGIPE
2021-01-01,FEV,TERRA,"38978,91378",SERGIPE
2021-01-01,MAR,TERRA,"41064,18745",SERGIPE
2021-01-01,ABR,TERRA,"27453,8541",SERGIPE
2021-01-01,MAI,TERRA,"45424,46757",SERGIPE
2021-01-01,JUN,TERRA,"35291,18042",SERGIPE
2021-01-01,JUL,TERRA,"39028,971",SERGIPE
2021-01-01,AGO,TERRA,"36283,04421",SERGIPE
2021-01-01,SET,TERRA,"34544,00988",SERGIPE
2021-01-01,OUT,TERRA,"35933,0195",SERGIPE
2021-01-01,NOV,TERRA,"36402,50803",SERGIPE
2021-01-01,DEZ,TERRA,"36246,35774",SERGIPE
2022-01-01,JAN,MAR,"887,574",SERGIPE
2022-01-01,FEV,MAR,"945,82621",SERGIPE
2022-01-01,MAR,MAR,"1060,62899",SERGIPE
2022-01-01,ABR,MAR,"1240,98266",SERGIPE
2022-01-01,MAI,MAR,"1236,87912",SERGIPE
2022-01-01,JUN,MAR,"1131,28526",SERGIPE
2022-01-01,JUL,MAR,"1063,00056",SERGIPE
2022-01-01,AGO,MAR,"1176,09926",SERGIPE
2022-01-01,SET,MAR,"1153,2413",SERGIPE
2022-01-01,OUT,MAR,"1174,93198",SERGIPE
2022-01-01,NOV,MAR,"1114,52889",SERGIPE
2022-01-01,DEZ,MAR,"945,34712",SERGIPE
2022-01-01,JAN,TERRA,"35927,1129",SERGIPE
2022-01-01,FEV,TERRA,"32071,81451",SERGIPE
2022-01-01,MAR,TERRA,"37279,57816",SERGIPE
2022-01-01,ABR,TERRA,"29787,05789",SERGIPE
2022-01-01,MAI,TERRA,"13891,01594",SERGIPE
2022-01-01,JUN,TERRA,"1146,74733",SERGIPE
2022-01-01,JUL,TERRA,"1258,3391",SERGIPE
2022-01-01,AGO,TERRA,"1159,1514",SERGIPE
2022-01-01,SET,TERRA,"1127,93148",SERGIPE
2022-01-01,OUT,TERRA,"7171,97671",SERGIPE
2022-01-01,NOV,TERRA,"22712,50564",SERGIPE
2022-01-01,DEZ,TERRA,"20113,18428",SERGIPE
2023-01-01,JAN,MAR,"951,31",SERGIPE
2023-01-01,FEV,MAR,"832,803",SERGIPE
2023-01-01,MAR,MAR,"836,801",SERGIPE
2023-01-01,ABR,MAR,"797,74",SERGIPE
2023-01-01,MAI,MAR,"867,277",SERGIPE
2023-01-01,JUN,MAR,"778,497",SERGIPE
2023-01-01,JUL,MAR,"789,93",SERGIPE
2023-01-01,AGO,MAR,"794,584",SERGIPE
2023-01-01,SET,MAR,"720,987",SERGIPE
2023-01-01,OUT,MAR,"0,0",SERGIPE
2023-01-01,NOV,MAR,"0,0",SERGIPE
2023-01-01,DEZ,MAR,"0,0",SERGIPE
2023-01-01,JAN,TERRA,"17331,73",SERGIPE
2023-01-01,FEV,TERRA,"21799,116",SERGIPE
2023-01-01,MAR,TERRA,"31925,676",SERGIPE
2023-01-01,ABR,TERRA,"29195,791",SERGIPE
2023-01-01,MAI,TERRA,"32118,956",SERGIPE
2023-01-01,JUN,TERRA,"27633,762",SERGIPE
2023-01-01,JUL,TERRA,"34778,232",SERGIPE
2023-01-01,AGO,TERRA,"31291,429",SERGIPE
2023-01-01,SET,TERRA,"42509,322",SERGIPE
2023-01-01,OUT,TERRA,"0,0",SERGIPE
2023-01-01,NOV,TERRA,"0,0",SERGIPE
2023-01-01,DEZ,TERRA,"0,0",SERGIPE
