Região,Setor,Atividade,Ano,Valor
Brasil,Agropecuária,"Agricultura, inclusive apoio à agricultura e a pós-colheita",2010-01-01,"3,0310581196787876"
Brasil,Agropecuária,"Pecuária, inclusive apoio à Pecuária",2010-01-01,"1,358315873611814"
Brasil,Agropecuária,"Produção florestal, pesca e aquicultura",2010-01-01,"0,45288297344104567"
Brasil,Indústria,Indústrias extrativas,2010-01-01,"3,3294074190696397"
Brasil,Indústria,Indústrias de transformação,2010-01-01,"14,96748253018621"
Brasil,Indústria,"Eletricidade e gás, água, esgoto, atividades de gestão de resíduos e descontaminação",2010-01-01,"2,8131547395574654"
Brasil,Indústria,Construção,2010-01-01,"6,265123348391076"
Brasil,Serviços,Comércio e reparação de veículos automotores e motocicletas,2010-01-01,"12,60215450945247"
Brasil,Serviços,"Transporte, armazenagem e correio",2010-01-01,"4,289036102263516"
Brasil,Serviços,Alojamento e alimentação,2010-01-01,"2,1255646655605367"
Brasil,Serviços,Informação e comunicação,2010-01-01,"3,831308813021528"
Brasil,Serviços,"Atividades financeiras, de seguros e serviços relacionados",2010-01-01,"6,7990275036029555"
Brasil,Serviços,Atividades imobiliárias,2010-01-01,"8,308607138099301"
Brasil,Serviços,"Atividades profissionais, científicas e técnicas, administrativas e serviços complementares",2010-01-01,"7,439597437356951"
Brasil,Serviços,"Administração, defesa, educação e saúde públicas e seguridade social",2010-01-01,"16,284318949752326"
Brasil,Serviços,Educação e saúde privadas,2010-01-01,"2,997844279468579"
Brasil,Serviços,"Artes, cultura, esporte e recreação e outras atividades de serviços",2010-01-01,"1,8839241380145626"
Brasil,Serviços,Serviços domésticos,2010-01-01,"1,2211914594712423"
Brasil,Agropecuária,"Agricultura, inclusive apoio à agricultura e a pós-colheita",2011-01-01,"3,343671657894021"
Brasil,Agropecuária,"Pecuária, inclusive apoio à Pecuária",2011-01-01,"1,2994357419685352"
Brasil,Agropecuária,"Produção florestal, pesca e aquicultura",2011-01-01,"0,4644316927391416"
Brasil,Indústria,Indústrias extrativas,2011-01-01,"4,369539151196586"
Brasil,Indústria,Indústrias de transformação,2011-01-01,"13,861292995679872"
Brasil,Indústria,"Eletricidade e gás, água, esgoto, atividades de gestão de resíduos e descontaminação",2011-01-01,"2,6668469310658134"
Brasil,Indústria,Construção,2011-01-01,"6,277286605073934"
Brasil,Serviços,Comércio e reparação de veículos automotores e motocicletas,2011-01-01,"12,854374766997967"
Brasil,Serviços,"Transporte, armazenagem e correio",2011-01-01,"4,449905535899962"
Brasil,Serviços,Alojamento e alimentação,2011-01-01,"2,213542891593279"
Brasil,Serviços,Informação e comunicação,2011-01-01,"3,6825006363458463"
Brasil,Serviços,"Atividades financeiras, de seguros e serviços relacionados",2011-01-01,"6,435385292306517"
Brasil,Serviços,Atividades imobiliárias,2011-01-01,"8,3693929327575"
Brasil,Serviços,"Atividades profissionais, científicas e técnicas, administrativas e serviços complementares",2011-01-01,"7,624431488463398"
Brasil,Serviços,"Administração, defesa, educação e saúde públicas e seguridade social",2011-01-01,"16,074862765662637"
Brasil,Serviços,Educação e saúde privadas,2011-01-01,"3,0249745932022933"
Brasil,Serviços,"Artes, cultura, esporte e recreação e outras atividades de serviços",2011-01-01,"1,793809960647356"
Brasil,Serviços,Serviços domésticos,2011-01-01,"1,1943143605053241"
Brasil,Agropecuária,"Agricultura, inclusive apoio à agricultura e a pós-colheita",2012-01-01,"3,1742007528102287"
Brasil,Agropecuária,"Pecuária, inclusive apoio à Pecuária",2012-01-01,"1,244010210394603"
Brasil,Agropecuária,"Produção florestal, pesca e aquicultura",2012-01-01,"0,4836528416985916"
Brasil,Indústria,Indústrias extrativas,2012-01-01,"4,5476116679477325"
Brasil,Indústria,Indústrias de transformação,2012-01-01,"12,55467717113155"
Brasil,Indústria,"Eletricidade e gás, água, esgoto, atividades de gestão de resíduos e descontaminação",2012-01-01,"2,4481353036043885"
Brasil,Indústria,Construção,2012-01-01,"6,478266274800901"
Brasil,Serviços,Comércio e reparação de veículos automotores e motocicletas,2012-01-01,"13,392875243114801"
Brasil,Serviços,"Transporte, armazenagem e correio",2012-01-01,"4,471212006861308"
Brasil,Serviços,Alojamento e alimentação,2012-01-01,"2,3015642146723"
Brasil,Serviços,Informação e comunicação,2012-01-01,"3,625833148318163"
Brasil,Serviços,"Atividades financeiras, de seguros e serviços relacionados",2012-01-01,"6,357975887700314"
Brasil,Serviços,Atividades imobiliárias,2012-01-01,"8,76708092966274"
Brasil,Serviços,"Atividades profissionais, científicas e técnicas, administrativas e serviços complementares",2012-01-01,"7,862643765330934"
Brasil,Serviços,"Administração, defesa, educação e saúde públicas e seguridade social",2012-01-01,"15,927204409882222"
Brasil,Serviços,Educação e saúde privadas,2012-01-01,"3,3721120232012702"
Brasil,Serviços,"Artes, cultura, esporte e recreação e outras atividades de serviços",2012-01-01,"1,8340803549555567"
Brasil,Serviços,Serviços domésticos,2012-01-01,"1,1568637939124025"
Brasil,Agropecuária,"Agricultura, inclusive apoio à agricultura e a pós-colheita",2013-01-01,"3,4501818277643004"
Brasil,Agropecuária,"Pecuária, inclusive apoio à Pecuária",2013-01-01,"1,3493464741224925"
Brasil,Agropecuária,"Produção florestal, pesca e aquicultura",2013-01-01,"0,4772100418116141"
Brasil,Indústria,Indústrias extrativas,2013-01-01,"4,159946944942203"
Brasil,Indústria,Indústrias de transformação,2013-01-01,"12,269706791750135"
Brasil,Indústria,"Eletricidade e gás, água, esgoto, atividades de gestão de resíduos e descontaminação",2013-01-01,"2,0382716700045647"
Brasil,Indústria,Construção,2013-01-01,"6,382440005621738"
Brasil,Serviços,Comércio e reparação de veículos automotores e motocicletas,2013-01-01,"13,485273707880992"
Brasil,Serviços,"Transporte, armazenagem e correio",2013-01-01,"4,467099715400005"
Brasil,Serviços,Alojamento e alimentação,2013-01-01,"2,373137802607079"
Brasil,Serviços,Informação e comunicação,2013-01-01,"3,4588779382312445"
Brasil,Serviços,"Atividades financeiras, de seguros e serviços relacionados",2013-01-01,"5,985625065879628"
Brasil,Serviços,Atividades imobiliárias,2013-01-01,"9,205623484768656"
Brasil,Serviços,"Atividades profissionais, científicas e técnicas, administrativas e serviços complementares",2013-01-01,"7,998028003232458"
Brasil,Serviços,"Administração, defesa, educação e saúde públicas e seguridade social",2013-01-01,"16,386173184357506"
Brasil,Serviços,Educação e saúde privadas,2013-01-01,"3,5313455254558894"
Brasil,Serviços,"Artes, cultura, esporte e recreação e outras atividades de serviços",2013-01-01,"1,8034327676469553"
Brasil,Serviços,Serviços domésticos,2013-01-01,"1,1782790485225405"
Brasil,Agropecuária,"Agricultura, inclusive apoio à agricultura e a pós-colheita",2014-01-01,"3,199668431892817"
Brasil,Agropecuária,"Pecuária, inclusive apoio à Pecuária",2014-01-01,"1,3509268744316432"
Brasil,Agropecuária,"Produção florestal, pesca e aquicultura",2014-01-01,"0,4763174543420124"
Brasil,Indústria,Indústrias extrativas,2014-01-01,"3,716205210252546"
Brasil,Indústria,Indústrias de transformação,2014-01-01,"12,013029452208748"
Brasil,Indústria,"Eletricidade e gás, água, esgoto, atividades de gestão de resíduos e descontaminação",2014-01-01,"1,8898054872832637"
Brasil,Indústria,Construção,2014-01-01,"6,172580314973614"
Brasil,Serviços,Comércio e reparação de veículos automotores e motocicletas,2014-01-01,"13,605433148042959"
Brasil,Serviços,"Transporte, armazenagem e correio",2014-01-01,"4,580116290153476"
Brasil,Serviços,Alojamento e alimentação,2014-01-01,"2,512340294091735"
Brasil,Serviços,Informação e comunicação,2014-01-01,"3,3906901113150054"
Brasil,Serviços,"Atividades financeiras, de seguros e serviços relacionados",2014-01-01,"6,408547088985656"
Brasil,Serviços,Atividades imobiliárias,2014-01-01,"9,326479156134209"
Brasil,Serviços,"Atividades profissionais, científicas e técnicas, administrativas e serviços complementares",2014-01-01,"8,079881208204586"
Brasil,Serviços,"Administração, defesa, educação e saúde públicas e seguridade social",2014-01-01,"16,42573280613843"
Brasil,Serviços,Educação e saúde privadas,2014-01-01,"3,8457918722376907"
Brasil,Serviços,"Artes, cultura, esporte e recreação e outras atividades de serviços",2014-01-01,"1,8367964182278806"
Brasil,Serviços,Serviços domésticos,2014-01-01,"1,1696583810837256"
Brasil,Agropecuária,"Agricultura, inclusive apoio à agricultura e a pós-colheita",2015-01-01,"3,1640734028874538"
Brasil,Agropecuária,"Pecuária, inclusive apoio à Pecuária",2015-01-01,"1,3858520083303574"
Brasil,Agropecuária,"Produção florestal, pesca e aquicultura",2015-01-01,"0,4730971229154445"
Brasil,Indústria,Indústrias extrativas,2015-01-01,"2,1485952850113885"
Brasil,Indústria,Indústrias de transformação,2015-01-01,"12,235489131141074"
Brasil,Indústria,"Eletricidade e gás, água, esgoto, atividades de gestão de resíduos e descontaminação",2015-01-01,"2,3893043701403767"
Brasil,Indústria,Construção,2015-01-01,"5,741677837365609"
Brasil,Serviços,Comércio e reparação de veículos automotores e motocicletas,2015-01-01,"13,300253452507269"
Brasil,Serviços,"Transporte, armazenagem e correio",2015-01-01,"4,393280240266866"
Brasil,Serviços,Alojamento e alimentação,2015-01-01,"2,3785781715846626"
Brasil,Serviços,Informação e comunicação,2015-01-01,"3,4138405978274755"
Brasil,Serviços,"Atividades financeiras, de seguros e serviços relacionados",2015-01-01,"7,085032375468929"
Brasil,Serviços,Atividades imobiliárias,2015-01-01,"9,676544014946058"
Brasil,Serviços,"Atividades profissionais, científicas e técnicas, administrativas e serviços complementares",2015-01-01,"8,013672896719516"
Brasil,Serviços,"Administração, defesa, educação e saúde públicas e seguridade social",2015-01-01,"17,177182640782316"
Brasil,Serviços,Educação e saúde privadas,2015-01-01,"4,072056778637445"
Brasil,Serviços,"Artes, cultura, esporte e recreação e outras atividades de serviços",2015-01-01,"1,748971652383486"
Brasil,Serviços,Serviços domésticos,2015-01-01,"1,202498021084254"
Brasil,Agropecuária,"Agricultura, inclusive apoio à agricultura e a pós-colheita",2016-01-01,"3,757503475206373"
Brasil,Agropecuária,"Pecuária, inclusive apoio à Pecuária",2016-01-01,"1,4345120559309943"
Brasil,Agropecuária,"Produção florestal, pesca e aquicultura",2016-01-01,"0,46601161440356814"
Brasil,Indústria,Indústrias extrativas,2016-01-01,"1,0254026792761852"
Brasil,Indústria,Indústrias de transformação,2016-01-01,"12,47712563253924"
Brasil,Indústria,"Eletricidade e gás, água, esgoto, atividades de gestão de resíduos e descontaminação",2016-01-01,"2,651747603519085"
Brasil,Indústria,Construção,2016-01-01,"5,077417671650443"
Brasil,Serviços,Comércio e reparação de veículos automotores e motocicletas,2016-01-01,"12,911254281044648"
Brasil,Serviços,"Transporte, armazenagem e correio",2016-01-01,"4,353999079674602"
Brasil,Serviços,Alojamento e alimentação,2016-01-01,"2,35854609247315"
Brasil,Serviços,Informação e comunicação,2016-01-01,"3,3032450143196512"
Brasil,Serviços,"Atividades financeiras, de seguros e serviços relacionados",2016-01-01,"7,851401761902875"
Brasil,Serviços,Atividades imobiliárias,2016-01-01,"9,723677272058"
Brasil,Serviços,"Atividades profissionais, científicas e técnicas, administrativas e serviços complementares",2016-01-01,"8,029654848443355"
Brasil,Serviços,"Administração, defesa, educação e saúde públicas e seguridade social",2016-01-01,"17,438229521190905"
Brasil,Serviços,Educação e saúde privadas,2016-01-01,"4,165764115500471"
Brasil,Serviços,"Artes, cultura, esporte e recreação e outras atividades de serviços",2016-01-01,"1,7147242104999196"
Brasil,Serviços,Serviços domésticos,2016-01-01,"1,2597830703665165"
Brasil,Agropecuária,"Agricultura, inclusive apoio à agricultura e a pós-colheita",2017-01-01,"3,527955054420659"
Brasil,Agropecuária,"Pecuária, inclusive apoio à Pecuária",2017-01-01,"1,3291076082445272"
Brasil,Agropecuária,"Produção florestal, pesca e aquicultura",2017-01-01,"0,4845267727399868"
Brasil,Indústria,Indústrias extrativas,2017-01-01,"1,5990335557974438"
Brasil,Indústria,Indústrias de transformação,2017-01-01,"12,448364100660008"
Brasil,Indústria,"Eletricidade e gás, água, esgoto, atividades de gestão de resíduos e descontaminação",2017-01-01,"2,7546551206768246"
Brasil,Indústria,Construção,2017-01-01,"4,31599424957237"
Brasil,Serviços,Comércio e reparação de veículos automotores e motocicletas,2017-01-01,"13,15530209667755"
Brasil,Serviços,"Transporte, armazenagem e correio",2017-01-01,"4,338473386288906"
Brasil,Serviços,Alojamento e alimentação,2017-01-01,"2,42517268384671"
Brasil,Serviços,Informação e comunicação,2017-01-01,"3,4293289439953867"
Brasil,Serviços,"Atividades financeiras, de seguros e serviços relacionados",2017-01-01,"7,5717313660298124"
Brasil,Serviços,Atividades imobiliárias,2017-01-01,"9,83888012643324"
Brasil,Serviços,"Atividades profissionais, científicas e técnicas, administrativas e serviços complementares",2017-01-01,"7,813130848322067"
Brasil,Serviços,"Administração, defesa, educação e saúde públicas e seguridade social",2017-01-01,"17,647885392016757"
Brasil,Serviços,Educação e saúde privadas,2017-01-01,"4,3106874102377235"
Brasil,Serviços,"Artes, cultura, esporte e recreação e outras atividades de serviços",2017-01-01,"1,7499170475778407"
Brasil,Serviços,Serviços domésticos,2017-01-01,"1,259854236462183"
Brasil,Agropecuária,"Agricultura, inclusive apoio à agricultura e a pós-colheita",2018-01-01,"3,4853730151468643"
Brasil,Agropecuária,"Pecuária, inclusive apoio à Pecuária",2018-01-01,"1,1926503248130629"
Brasil,Agropecuária,"Produção florestal, pesca e aquicultura",2018-01-01,"0,4725884398160105"
Brasil,Indústria,Indústrias extrativas,2018-01-01,"2,679503921878507"
Brasil,Indústria,Indústrias de transformação,2018-01-01,"12,26766924798081"
Brasil,Indústria,"Eletricidade e gás, água, esgoto, atividades de gestão de resíduos e descontaminação",2018-01-01,"2,8519168545120497"
Brasil,Indústria,Construção,2018-01-01,"4,047145720868723"
Brasil,Serviços,Comércio e reparação de veículos automotores e motocicletas,2018-01-01,"13,026575613651275"
Brasil,Serviços,"Transporte, armazenagem e correio",2018-01-01,"4,402884639378499"
Brasil,Serviços,Alojamento e alimentação,2018-01-01,"2,4177237300682846"
Brasil,Serviços,Informação e comunicação,2018-01-01,"3,428512015171813"
Brasil,Serviços,"Atividades financeiras, de seguros e serviços relacionados",2018-01-01,"7,031300167189301"
Brasil,Serviços,Atividades imobiliárias,2018-01-01,"9,782421000973184"
Brasil,Serviços,"Atividades profissionais, científicas e técnicas, administrativas e serviços complementares",2018-01-01,"7,928815617643897"
Brasil,Serviços,"Administração, defesa, educação e saúde públicas e seguridade social",2018-01-01,"17,390765494123407"
Brasil,Serviços,Educação e saúde privadas,2018-01-01,"4,535937383029868"
Brasil,Serviços,"Artes, cultura, esporte e recreação e outras atividades de serviços",2018-01-01,"1,8196684494647464"
Brasil,Serviços,Serviços domésticos,2018-01-01,"1,2385483642896935"
Brasil,Agropecuária,"Agricultura, inclusive apoio à agricultura e a pós-colheita",2019-01-01,"3,2412654144834048"
Brasil,Agropecuária,"Pecuária, inclusive apoio à Pecuária",2019-01-01,"1,212770683582838"
Brasil,Agropecuária,"Produção florestal, pesca e aquicultura",2019-01-01,"0,4339526709208728"
Brasil,Indústria,Indústrias extrativas,2019-01-01,"2,875980621342821"
Brasil,Indústria,Indústrias de transformação,2019-01-01,"12,0106961428317"
Brasil,Indústria,"Eletricidade e gás, água, esgoto, atividades de gestão de resíduos e descontaminação",2019-01-01,"3,0025403181910706"
Brasil,Indústria,Construção,2019-01-01,"3,911520534920394"
Brasil,Serviços,Comércio e reparação de veículos automotores e motocicletas,2019-01-01,"12,94055202366518"
Brasil,Serviços,"Transporte, armazenagem e correio",2019-01-01,"4,4751477342589485"
Brasil,Serviços,Alojamento e alimentação,2019-01-01,"2,4885459148197437"
Brasil,Serviços,Informação e comunicação,2019-01-01,"3,443241790845667"
Brasil,Serviços,"Atividades financeiras, de seguros e serviços relacionados",2019-01-01,"7,241070973482394"
Brasil,Serviços,Atividades imobiliárias,2019-01-01,"9,746968702549932"
Brasil,Serviços,"Atividades profissionais, científicas e técnicas, administrativas e serviços complementares",2019-01-01,"8,002474246006246"
Brasil,Serviços,"Administração, defesa, educação e saúde públicas e seguridade social",2019-01-01,"17,400440229528456"
Brasil,Serviços,Educação e saúde privadas,2019-01-01,"4,503086829548232"
Brasil,Serviços,"Artes, cultura, esporte e recreação e outras atividades de serviços",2019-01-01,"1,8873991533950696"
Brasil,Serviços,Serviços domésticos,2019-01-01,"1,1823460156270145"
Brasil,Agropecuária,"Agricultura, inclusive apoio à agricultura e a pós-colheita",2020-01-01,"4,599877148182018"
Brasil,Agropecuária,"Pecuária, inclusive apoio à Pecuária",2020-01-01,"1,5162085703017096"
Brasil,Agropecuária,"Produção florestal, pesca e aquicultura",2020-01-01,"0,4741364473989659"
Brasil,Indústria,Indústrias extrativas,2020-01-01,"2,9358127302808237"
Brasil,Indústria,Indústrias de transformação,2020-01-01,"12,33808601962381"
Brasil,Indústria,"Eletricidade e gás, água, esgoto, atividades de gestão de resíduos e descontaminação",2020-01-01,"3,170796021250841"
Brasil,Indústria,Construção,2020-01-01,"4,062525540425936"
Brasil,Serviços,Comércio e reparação de veículos automotores e motocicletas,2020-01-01,"12,514842825640343"
Brasil,Serviços,"Transporte, armazenagem e correio",2020-01-01,"4,143163156827753"
Brasil,Serviços,Alojamento e alimentação,2020-01-01,"1,781139076840314"
Brasil,Serviços,Informação e comunicação,2020-01-01,"3,6023695146746624"
Brasil,Serviços,"Atividades financeiras, de seguros e serviços relacionados",2020-01-01,"6,892408524903271"
Brasil,Serviços,Atividades imobiliárias,2020-01-01,"9,947221633807903"
Brasil,Serviços,"Atividades profissionais, científicas e técnicas, administrativas e serviços complementares",2020-01-01,"7,942987173342217"
Brasil,Serviços,"Administração, defesa, educação e saúde públicas e seguridade social",2020-01-01,"17,390613435731073"
Brasil,Serviços,Educação e saúde privadas,2020-01-01,"4,173064882954909"
Brasil,Serviços,"Artes, cultura, esporte e recreação e outras atividades de serviços",2020-01-01,"1,6129342858013647"
Brasil,Serviços,Serviços domésticos,2020-01-01,"0,9018130120120933"
Nordeste,Agropecuária,"Agricultura, inclusive apoio à agricultura e a pós-colheita",2010-01-01,"4,360860036223361"
Nordeste,Agropecuária,"Pecuária, inclusive apoio à Pecuária",2010-01-01,"1,7893592813882013"
Nordeste,Agropecuária,"Produção florestal, pesca e aquicultura",2010-01-01,"0,5783178542219345"
Nordeste,Indústria,Indústrias extrativas,2010-01-01,"2,123402648303943"
Nordeste,Indústria,Indústrias de transformação,2010-01-01,"9,682672977243879"
Nordeste,Indústria,"Eletricidade e gás, água, esgoto, atividades de gestão de resíduos e descontaminação",2010-01-01,"3,256812650724409"
Nordeste,Indústria,Construção,2010-01-01,"7,81931330420744"
Nordeste,Serviços,Comércio e reparação de veículos automotores e motocicletas,2010-01-01,"14,36108835105732"
Nordeste,Serviços,"Transporte, armazenagem e correio",2010-01-01,"3,6255672081709274"
Nordeste,Serviços,Alojamento e alimentação,2010-01-01,"2,651742665093882"
Nordeste,Serviços,Informação e comunicação,2010-01-01,"2,016011468422801"
Nordeste,Serviços,"Atividades financeiras, de seguros e serviços relacionados",2010-01-01,"3,096217317037861"
Nordeste,Serviços,Atividades imobiliárias,2010-01-01,"8,682941019563446"
Nordeste,Serviços,"Atividades profissionais, científicas e técnicas, administrativas e serviços complementares",2010-01-01,"5,9338504213136405"
Nordeste,Serviços,"Administração, defesa, educação e saúde públicas e seguridade social",2010-01-01,"24,41693124656337"
Nordeste,Serviços,Educação e saúde privadas,2010-01-01,"2,5546450501099027"
Nordeste,Serviços,"Artes, cultura, esporte e recreação e outras atividades de serviços",2010-01-01,"1,7660450382936854"
Nordeste,Serviços,Serviços domésticos,2010-01-01,"1,2842214620599863"
Nordeste,Agropecuária,"Agricultura, inclusive apoio à agricultura e a pós-colheita",2011-01-01,"4,710930196503513"
Nordeste,Agropecuária,"Pecuária, inclusive apoio à Pecuária",2011-01-01,"1,7781340133196872"
Nordeste,Agropecuária,"Produção florestal, pesca e aquicultura",2011-01-01,"0,5050534905165284"
Nordeste,Indústria,Indústrias extrativas,2011-01-01,"2,3912578082531613"
Nordeste,Indústria,Indústrias de transformação,2011-01-01,"8,352651978320852"
Nordeste,Indústria,"Eletricidade e gás, água, esgoto, atividades de gestão de resíduos e descontaminação",2011-01-01,"3,140797954682642"
Nordeste,Indústria,Construção,2011-01-01,"8,23211239352247"
Nordeste,Serviços,Comércio e reparação de veículos automotores e motocicletas,2011-01-01,"14,324201341075357"
Nordeste,Serviços,"Transporte, armazenagem e correio",2011-01-01,"3,8374670042161663"
Nordeste,Serviços,Alojamento e alimentação,2011-01-01,"2,915263650386651"
Nordeste,Serviços,Informação e comunicação,2011-01-01,"1,9797462921955402"
Nordeste,Serviços,"Atividades financeiras, de seguros e serviços relacionados",2011-01-01,"2,9930447035549768"
Nordeste,Serviços,Atividades imobiliárias,2011-01-01,"8,818784075422586"
Nordeste,Serviços,"Atividades profissionais, científicas e técnicas, administrativas e serviços complementares",2011-01-01,"6,108215836808324"
Nordeste,Serviços,"Administração, defesa, educação e saúde públicas e seguridade social",2011-01-01,"24,299463793216567"
Nordeste,Serviços,Educação e saúde privadas,2011-01-01,"2,661060797595437"
Nordeste,Serviços,"Artes, cultura, esporte e recreação e outras atividades de serviços",2011-01-01,"1,6856552927889397"
Nordeste,Serviços,Serviços domésticos,2011-01-01,"1,2661593776206073"
Nordeste,Agropecuária,"Agricultura, inclusive apoio à agricultura e a pós-colheita",2012-01-01,"4,047032012803595"
Nordeste,Agropecuária,"Pecuária, inclusive apoio à Pecuária",2012-01-01,"1,6560074977093406"
Nordeste,Agropecuária,"Produção florestal, pesca e aquicultura",2012-01-01,"0,4920029533273657"
Nordeste,Indústria,Indústrias extrativas,2012-01-01,"2,6599318097244637"
Nordeste,Indústria,Indústrias de transformação,2012-01-01,"7,601191149692955"
Nordeste,Indústria,"Eletricidade e gás, água, esgoto, atividades de gestão de resíduos e descontaminação",2012-01-01,"3,098329574157053"
Nordeste,Indústria,Construção,2012-01-01,"8,378057449510315"
Nordeste,Serviços,Comércio e reparação de veículos automotores e motocicletas,2012-01-01,"14,771446645221742"
Nordeste,Serviços,"Transporte, armazenagem e correio",2012-01-01,"3,7226803607687673"
Nordeste,Serviços,Alojamento e alimentação,2012-01-01,"2,923103162073154"
Nordeste,Serviços,Informação e comunicação,2012-01-01,"1,8155243489525752"
Nordeste,Serviços,"Atividades financeiras, de seguros e serviços relacionados",2012-01-01,"3,0828691720594077"
Nordeste,Serviços,Atividades imobiliárias,2012-01-01,"9,584184304065635"
Nordeste,Serviços,"Atividades profissionais, científicas e técnicas, administrativas e serviços complementares",2012-01-01,"6,3288514316833355"
Nordeste,Serviços,"Administração, defesa, educação e saúde públicas e seguridade social",2012-01-01,"23,820757185836413"
Nordeste,Serviços,Educação e saúde privadas,2012-01-01,"3,0273790283242703"
Nordeste,Serviços,"Artes, cultura, esporte e recreação e outras atividades de serviços",2012-01-01,"1,7290620481017815"
Nordeste,Serviços,Serviços domésticos,2012-01-01,"1,261589865987824"
Nordeste,Agropecuária,"Agricultura, inclusive apoio à agricultura e a pós-colheita",2013-01-01,"3,9254930191897617"
Nordeste,Agropecuária,"Pecuária, inclusive apoio à Pecuária",2013-01-01,"1,6886831640625735"
Nordeste,Agropecuária,"Produção florestal, pesca e aquicultura",2013-01-01,"0,6086909429838545"
Nordeste,Indústria,Indústrias extrativas,2013-01-01,"2,344100182146513"
Nordeste,Indústria,Indústrias de transformação,2013-01-01,"7,793476714452717"
Nordeste,Indústria,"Eletricidade e gás, água, esgoto, atividades de gestão de resíduos e descontaminação",2013-01-01,"1,8826597057721355"
Nordeste,Indústria,Construção,2013-01-01,"8,275897339762885"
Nordeste,Serviços,Comércio e reparação de veículos automotores e motocicletas,2013-01-01,"14,743431615637519"
Nordeste,Serviços,"Transporte, armazenagem e correio",2013-01-01,"3,7473279499045398"
Nordeste,Serviços,Alojamento e alimentação,2013-01-01,"3,034928421268865"
Nordeste,Serviços,Informação e comunicação,2013-01-01,"1,835225623964362"
Nordeste,Serviços,"Atividades financeiras, de seguros e serviços relacionados",2013-01-01,"2,958467325996639"
Nordeste,Serviços,Atividades imobiliárias,2013-01-01,"9,990266884009428"
Nordeste,Serviços,"Atividades profissionais, científicas e técnicas, administrativas e serviços complementares",2013-01-01,"6,465259037482874"
Nordeste,Serviços,"Administração, defesa, educação e saúde públicas e seguridade social",2013-01-01,"24,28809528007137"
Nordeste,Serviços,Educação e saúde privadas,2013-01-01,"3,3929711373613753"
Nordeste,Serviços,"Artes, cultura, esporte e recreação e outras atividades de serviços",2013-01-01,"1,6998504928600502"
Nordeste,Serviços,Serviços domésticos,2013-01-01,"1,3251751630725301"
Nordeste,Agropecuária,"Agricultura, inclusive apoio à agricultura e a pós-colheita",2014-01-01,"4,017931092934464"
Nordeste,Agropecuária,"Pecuária, inclusive apoio à Pecuária",2014-01-01,"1,6633470879210979"
Nordeste,Agropecuária,"Produção florestal, pesca e aquicultura",2014-01-01,"0,6431516297642129"
Nordeste,Indústria,Indústrias extrativas,2014-01-01,"1,6298537248635503"
Nordeste,Indústria,Indústrias de transformação,2014-01-01,"7,675572835038468"
Nordeste,Indústria,"Eletricidade e gás, água, esgoto, atividades de gestão de resíduos e descontaminação",2014-01-01,"2,1566775209350526"
Nordeste,Indústria,Construção,2014-01-01,"7,9306575615065125"
Nordeste,Serviços,Comércio e reparação de veículos automotores e motocicletas,2014-01-01,"15,011111535165448"
Nordeste,Serviços,"Transporte, armazenagem e correio",2014-01-01,"3,6025967025080408"
Nordeste,Serviços,Alojamento e alimentação,2014-01-01,"3,130933876370818"
Nordeste,Serviços,Informação e comunicação,2014-01-01,"1,8693077083248764"
Nordeste,Serviços,"Atividades financeiras, de seguros e serviços relacionados",2014-01-01,"3,17552648248577"
Nordeste,Serviços,Atividades imobiliárias,2014-01-01,"9,973900921356107"
Nordeste,Serviços,"Atividades profissionais, científicas e técnicas, administrativas e serviços complementares",2014-01-01,"6,781669217373179"
Nordeste,Serviços,"Administração, defesa, educação e saúde públicas e seguridade social",2014-01-01,"24,271616890089327"
Nordeste,Serviços,Educação e saúde privadas,2014-01-01,"3,501073818457909"
Nordeste,Serviços,"Artes, cultura, esporte e recreação e outras atividades de serviços",2014-01-01,"1,6996421493630343"
Nordeste,Serviços,Serviços domésticos,2014-01-01,"1,265429245542121"
Nordeste,Agropecuária,"Agricultura, inclusive apoio à agricultura e a pós-colheita",2015-01-01,"3,9912218389517418"
Nordeste,Agropecuária,"Pecuária, inclusive apoio à Pecuária",2015-01-01,"1,8139862787626793"
Nordeste,Agropecuária,"Produção florestal, pesca e aquicultura",2015-01-01,"0,6589554741816338"
Nordeste,Indústria,Indústrias extrativas,2015-01-01,"0,963906860525555"
Nordeste,Indústria,Indústrias de transformação,2015-01-01,"9,047728315119766"
Nordeste,Indústria,"Eletricidade e gás, água, esgoto, atividades de gestão de resíduos e descontaminação",2015-01-01,"2,5903366770964786"
Nordeste,Indústria,Construção,2015-01-01,"7,337991985496907"
Nordeste,Serviços,Comércio e reparação de veículos automotores e motocicletas,2015-01-01,"13,835821912172552"
Nordeste,Serviços,"Transporte, armazenagem e correio",2015-01-01,"3,6366904462589664"
Nordeste,Serviços,Alojamento e alimentação,2015-01-01,"2,943132822906527"
Nordeste,Serviços,Informação e comunicação,2015-01-01,"1,7596217441828237"
Nordeste,Serviços,"Atividades financeiras, de seguros e serviços relacionados",2015-01-01,"3,517314349554821"
Nordeste,Serviços,Atividades imobiliárias,2015-01-01,"10,26079530031406"
Nordeste,Serviços,"Atividades profissionais, científicas e técnicas, administrativas e serviços complementares",2015-01-01,"6,11797871311282"
Nordeste,Serviços,"Administração, defesa, educação e saúde públicas e seguridade social",2015-01-01,"24,745017863266128"
Nordeste,Serviços,Educação e saúde privadas,2015-01-01,"3,7894536100164973"
Nordeste,Serviços,"Artes, cultura, esporte e recreação e outras atividades de serviços",2015-01-01,"1,668097029213409"
Nordeste,Serviços,Serviços domésticos,2015-01-01,"1,321948778866627"
Nordeste,Agropecuária,"Agricultura, inclusive apoio à agricultura e a pós-colheita",2016-01-01,"3,6676982502915685"
Nordeste,Agropecuária,"Pecuária, inclusive apoio à Pecuária",2016-01-01,"1,7999180989456625"
Nordeste,Agropecuária,"Produção florestal, pesca e aquicultura",2016-01-01,"0,6993991039515616"
Nordeste,Indústria,Indústrias extrativas,2016-01-01,"0,41602860026715305"
Nordeste,Indústria,Indústrias de transformação,2016-01-01,"9,635628281140887"
Nordeste,Indústria,"Eletricidade e gás, água, esgoto, atividades de gestão de resíduos e descontaminação",2016-01-01,"3,186600688139368"
Nordeste,Indústria,Construção,2016-01-01,"6,265001775230937"
Nordeste,Serviços,Comércio e reparação de veículos automotores e motocicletas,2016-01-01,"13,763214047644118"
Nordeste,Serviços,"Transporte, armazenagem e correio",2016-01-01,"3,5811865872112234"
Nordeste,Serviços,Alojamento e alimentação,2016-01-01,"3,0357969007767824"
Nordeste,Serviços,Informação e comunicação,2016-01-01,"1,6336424292721918"
Nordeste,Serviços,"Atividades financeiras, de seguros e serviços relacionados",2016-01-01,"3,8964295317793156"
Nordeste,Serviços,Atividades imobiliárias,2016-01-01,"10,374652342254752"
Nordeste,Serviços,"Atividades profissionais, científicas e técnicas, administrativas e serviços complementares",2016-01-01,"6,090556175376437"
Nordeste,Serviços,"Administração, defesa, educação e saúde públicas e seguridade social",2016-01-01,"24,97525362369269"
Nordeste,Serviços,Educação e saúde privadas,2016-01-01,"3,994044119746317"
Nordeste,Serviços,"Artes, cultura, esporte e recreação e outras atividades de serviços",2016-01-01,"1,6444484668476076"
Nordeste,Serviços,Serviços domésticos,2016-01-01,"1,3405009774314358"
Nordeste,Agropecuária,"Agricultura, inclusive apoio à agricultura e a pós-colheita",2017-01-01,"4,224739342109527"
Nordeste,Agropecuária,"Pecuária, inclusive apoio à Pecuária",2017-01-01,"1,6839244827639397"
Nordeste,Agropecuária,"Produção florestal, pesca e aquicultura",2017-01-01,"0,6929742220441988"
Nordeste,Indústria,Indústrias extrativas,2017-01-01,"0,5391564957882677"
Nordeste,Indústria,Indústrias de transformação,2017-01-01,"9,569359124058154"
Nordeste,Indústria,"Eletricidade e gás, água, esgoto, atividades de gestão de resíduos e descontaminação",2017-01-01,"3,6252569518305777"
Nordeste,Indústria,Construção,2017-01-01,"5,127419136318655"
Nordeste,Serviços,Comércio e reparação de veículos automotores e motocicletas,2017-01-01,"13,841336336195678"
Nordeste,Serviços,"Transporte, armazenagem e correio",2017-01-01,"3,583450040552838"
Nordeste,Serviços,Alojamento e alimentação,2017-01-01,"3,27994867686933"
Nordeste,Serviços,Informação e comunicação,2017-01-01,"1,6993719881657943"
Nordeste,Serviços,"Atividades financeiras, de seguros e serviços relacionados",2017-01-01,"3,8303464018417137"
Nordeste,Serviços,Atividades imobiliárias,2017-01-01,"10,145882139288293"
Nordeste,Serviços,"Atividades profissionais, científicas e técnicas, administrativas e serviços complementares",2017-01-01,"6,003409297199032"
Nordeste,Serviços,"Administração, defesa, educação e saúde públicas e seguridade social",2017-01-01,"25,24095203668637"
Nordeste,Serviços,Educação e saúde privadas,2017-01-01,"3,997016196356187"
Nordeste,Serviços,"Artes, cultura, esporte e recreação e outras atividades de serviços",2017-01-01,"1,6168104337604345"
Nordeste,Serviços,Serviços domésticos,2017-01-01,"1,2986466981709972"
Nordeste,Agropecuária,"Agricultura, inclusive apoio à agricultura e a pós-colheita",2018-01-01,"4,470302595651823"
Nordeste,Agropecuária,"Pecuária, inclusive apoio à Pecuária",2018-01-01,"1,6066222344091132"
Nordeste,Agropecuária,"Produção florestal, pesca e aquicultura",2018-01-01,"0,6712076287045404"
Nordeste,Indústria,Indústrias extrativas,2018-01-01,"0,8322396370236549"
Nordeste,Indústria,Indústrias de transformação,2018-01-01,"9,294164679047286"
Nordeste,Indústria,"Eletricidade e gás, água, esgoto, atividades de gestão de resíduos e descontaminação",2018-01-01,"4,041015041857156"
Nordeste,Indústria,Construção,2018-01-01,"4,695254629988487"
Nordeste,Serviços,Comércio e reparação de veículos automotores e motocicletas,2018-01-01,"13,333169121013837"
Nordeste,Serviços,"Transporte, armazenagem e correio",2018-01-01,"3,649702734008979"
Nordeste,Serviços,Alojamento e alimentação,2018-01-01,"3,338409409835889"
Nordeste,Serviços,Informação e comunicação,2018-01-01,"1,7625654253791472"
Nordeste,Serviços,"Atividades financeiras, de seguros e serviços relacionados",2018-01-01,"3,6430481915512054"
Nordeste,Serviços,Atividades imobiliárias,2018-01-01,"10,039669613183003"
Nordeste,Serviços,"Atividades profissionais, científicas e técnicas, administrativas e serviços complementares",2018-01-01,"6,202441398826841"
Nordeste,Serviços,"Administração, defesa, educação e saúde públicas e seguridade social",2018-01-01,"25,233789519993383"
Nordeste,Serviços,Educação e saúde privadas,2018-01-01,"4,316673815472342"
Nordeste,Serviços,"Artes, cultura, esporte e recreação e outras atividades de serviços",2018-01-01,"1,6151584571613558"
Nordeste,Serviços,Serviços domésticos,2018-01-01,"1,2545658668919557"
Nordeste,Agropecuária,"Agricultura, inclusive apoio à agricultura e a pós-colheita",2019-01-01,"4,2295872602872775"
Nordeste,Agropecuária,"Pecuária, inclusive apoio à Pecuária",2019-01-01,"1,650901559412737"
Nordeste,Agropecuária,"Produção florestal, pesca e aquicultura",2019-01-01,"0,6496761833021875"
Nordeste,Indústria,Indústrias extrativas,2019-01-01,"0,8562725472190995"
Nordeste,Indústria,Indústrias de transformação,2019-01-01,"9,003421727797397"
Nordeste,Indústria,"Eletricidade e gás, água, esgoto, atividades de gestão de resíduos e descontaminação",2019-01-01,"4,172281199554237"
Nordeste,Indústria,Construção,2019-01-01,"4,441859747941422"
Nordeste,Serviços,Comércio e reparação de veículos automotores e motocicletas,2019-01-01,"13,25861321090453"
Nordeste,Serviços,"Transporte, armazenagem e correio",2019-01-01,"3,832011545724958"
Nordeste,Serviços,Alojamento e alimentação,2019-01-01,"3,274530147038234"
Nordeste,Serviços,Informação e comunicação,2019-01-01,"1,7686244366792423"
Nordeste,Serviços,"Atividades financeiras, de seguros e serviços relacionados",2019-01-01,"3,8226252586834564"
Nordeste,Serviços,Atividades imobiliárias,2019-01-01,"9,660895650182479"
Nordeste,Serviços,"Atividades profissionais, científicas e técnicas, administrativas e serviços complementares",2019-01-01,"6,287059723548043"
Nordeste,Serviços,"Administração, defesa, educação e saúde públicas e seguridade social",2019-01-01,"25,85182920813971"
Nordeste,Serviços,Educação e saúde privadas,2019-01-01,"4,3391087228687555"
Nordeste,Serviços,"Artes, cultura, esporte e recreação e outras atividades de serviços",2019-01-01,"1,688295953383711"
Nordeste,Serviços,Serviços domésticos,2019-01-01,"1,2124059173325195"
Nordeste,Agropecuária,"Agricultura, inclusive apoio à agricultura e a pós-colheita",2020-01-01,"6,222196957565706"
Nordeste,Agropecuária,"Pecuária, inclusive apoio à Pecuária",2020-01-01,"1,9820385041757793"
Nordeste,Agropecuária,"Produção florestal, pesca e aquicultura",2020-01-01,"0,7035442882267766"
Nordeste,Indústria,Indústrias extrativas,2020-01-01,"0,8154861758354223"
Nordeste,Indústria,Indústrias de transformação,2020-01-01,"9,019549890786218"
Nordeste,Indústria,"Eletricidade e gás, água, esgoto, atividades de gestão de resíduos e descontaminação",2020-01-01,"4,613155587151373"
Nordeste,Indústria,Construção,2020-01-01,"4,652946699744312"
Nordeste,Serviços,Comércio e reparação de veículos automotores e motocicletas,2020-01-01,"12,442830435061344"
Nordeste,Serviços,"Transporte, armazenagem e correio",2020-01-01,"3,2369434566399278"
Nordeste,Serviços,Alojamento e alimentação,2020-01-01,"2,4309371466203937"
Nordeste,Serviços,Informação e comunicação,2020-01-01,"1,7528748117532584"
Nordeste,Serviços,"Atividades financeiras, de seguros e serviços relacionados",2020-01-01,"3,624947123875449"
Nordeste,Serviços,Atividades imobiliárias,2020-01-01,"10,02308592524623"
Nordeste,Serviços,"Atividades profissionais, científicas e técnicas, administrativas e serviços complementares",2020-01-01,"6,13121554079563"
Nordeste,Serviços,"Administração, defesa, educação e saúde públicas e seguridade social",2020-01-01,"26,012099560402945"
Nordeste,Serviços,Educação e saúde privadas,2020-01-01,"3,926582414454061"
Nordeste,Serviços,"Artes, cultura, esporte e recreação e outras atividades de serviços",2020-01-01,"1,4761788293004654"
Nordeste,Serviços,Serviços domésticos,2020-01-01,"0,933386652364707"
Sergipe,Agropecuária,"Agricultura, inclusive apoio à agricultura e a pós-colheita",2010-01-01,"5,020063200129881"
Sergipe,Agropecuária,"Pecuária, inclusive apoio à Pecuária",2010-01-01,"1,213102310362816"
Sergipe,Agropecuária,"Produção florestal, pesca e aquicultura",2010-01-01,"0,14917849192130186"
Sergipe,Indústria,Indústrias extrativas,2010-01-01,"6,599205835378215"
Sergipe,Indústria,Indústrias de transformação,2010-01-01,"6,230744579681633"
Sergipe,Indústria,"Eletricidade e gás, água, esgoto, atividades de gestão de resíduos e descontaminação",2010-01-01,"8,521318299743886"
Sergipe,Indústria,Construção,2010-01-01,"7,604025635827126"
Sergipe,Serviços,Comércio e reparação de veículos automotores e motocicletas,2010-01-01,"10,906046377356345"
Sergipe,Serviços,"Transporte, armazenagem e correio",2010-01-01,"3,216315782585656"
Sergipe,Serviços,Alojamento e alimentação,2010-01-01,"2,029027790141942"
Sergipe,Serviços,Informação e comunicação,2010-01-01,"1,1821962738265532"
Sergipe,Serviços,"Atividades financeiras, de seguros e serviços relacionados",2010-01-01,"2,4832005048315784"
Sergipe,Serviços,Atividades imobiliárias,2010-01-01,"7,547937989758313"
Sergipe,Serviços,"Atividades profissionais, científicas e técnicas, administrativas e serviços complementares",2010-01-01,"4,560686677676894"
Sergipe,Serviços,"Administração, defesa, educação e saúde públicas e seguridade social",2010-01-01,"26,645951709609555"
Sergipe,Serviços,Educação e saúde privadas,2010-01-01,"3,3944152622513575"
Sergipe,Serviços,"Artes, cultura, esporte e recreação e outras atividades de serviços",2010-01-01,"1,611246151671415"
Sergipe,Serviços,Serviços domésticos,2010-01-01,"1,0853371272455141"
Sergipe,Agropecuária,"Agricultura, inclusive apoio à agricultura e a pós-colheita",2011-01-01,"3,854901078302411"
Sergipe,Agropecuária,"Pecuária, inclusive apoio à Pecuária",2011-01-01,"1,1389041737547076"
Sergipe,Agropecuária,"Produção florestal, pesca e aquicultura",2011-01-01,"0,22731741351968543"
Sergipe,Indústria,Indústrias extrativas,2011-01-01,"7,5248116644755125"
Sergipe,Indústria,Indústrias de transformação,2011-01-01,"6,7000956309903215"
Sergipe,Indústria,"Eletricidade e gás, água, esgoto, atividades de gestão de resíduos e descontaminação",2011-01-01,"7,595747956559584"
Sergipe,Indústria,Construção,2011-01-01,"7,87803457897097"
Sergipe,Serviços,Comércio e reparação de veículos automotores e motocicletas,2011-01-01,"11,137515320228214"
Sergipe,Serviços,"Transporte, armazenagem e correio",2011-01-01,"3,359877278438192"
Sergipe,Serviços,Alojamento e alimentação,2011-01-01,"2,2200240834510745"
Sergipe,Serviços,Informação e comunicação,2011-01-01,"1,132934297252483"
Sergipe,Serviços,"Atividades financeiras, de seguros e serviços relacionados",2011-01-01,"2,542920915169383"
Sergipe,Serviços,Atividades imobiliárias,2011-01-01,"7,4679673592739695"
Sergipe,Serviços,"Atividades profissionais, científicas e técnicas, administrativas e serviços complementares",2011-01-01,"4,835221810065334"
Sergipe,Serviços,"Administração, defesa, educação e saúde públicas e seguridade social",2011-01-01,"26,10917181419181"
Sergipe,Serviços,Educação e saúde privadas,2011-01-01,"3,6389845995291146"
Sergipe,Serviços,"Artes, cultura, esporte e recreação e outras atividades de serviços",2011-01-01,"1,5477051981662309"
Sergipe,Serviços,Serviços domésticos,2011-01-01,"1,0878648276609915"
Sergipe,Agropecuária,"Agricultura, inclusive apoio à agricultura e a pós-colheita",2012-01-01,"3,768334374324702"
Sergipe,Agropecuária,"Pecuária, inclusive apoio à Pecuária",2012-01-01,"1,1116279559084987"
Sergipe,Agropecuária,"Produção florestal, pesca e aquicultura",2012-01-01,"0,21713558343445655"
Sergipe,Indústria,Indústrias extrativas,2012-01-01,"8,095256216718386"
Sergipe,Indústria,Indústrias de transformação,2012-01-01,"5,892582474283447"
Sergipe,Indústria,"Eletricidade e gás, água, esgoto, atividades de gestão de resíduos e descontaminação",2012-01-01,"7,721438975490664"
Sergipe,Indústria,Construção,2012-01-01,"8,799171143002637"
Sergipe,Serviços,Comércio e reparação de veículos automotores e motocicletas,2012-01-01,"11,919094101761294"
Sergipe,Serviços,"Transporte, armazenagem e correio",2012-01-01,"2,858183383884244"
Sergipe,Serviços,Alojamento e alimentação,2012-01-01,"2,206118595215357"
Sergipe,Serviços,Informação e comunicação,2012-01-01,"0,9482783438475865"
Sergipe,Serviços,"Atividades financeiras, de seguros e serviços relacionados",2012-01-01,"2,456612226143883"
Sergipe,Serviços,Atividades imobiliárias,2012-01-01,"7,698229941566534"
Sergipe,Serviços,"Atividades profissionais, científicas e técnicas, administrativas e serviços complementares",2012-01-01,"5,114749793155126"
Sergipe,Serviços,"Administração, defesa, educação e saúde públicas e seguridade social",2012-01-01,"24,80454697016024"
Sergipe,Serviços,Educação e saúde privadas,2012-01-01,"4,134053377122688"
Sergipe,Serviços,"Artes, cultura, esporte e recreação e outras atividades de serviços",2012-01-01,"1,379142341245729"
Sergipe,Serviços,Serviços domésticos,2012-01-01,"0,8754442027345162"
Sergipe,Agropecuária,"Agricultura, inclusive apoio à agricultura e a pós-colheita",2013-01-01,"4,171484617525588"
Sergipe,Agropecuária,"Pecuária, inclusive apoio à Pecuária",2013-01-01,"1,330154592226171"
Sergipe,Agropecuária,"Produção florestal, pesca e aquicultura",2013-01-01,"0,18472248389203672"
Sergipe,Indústria,Indústrias extrativas,2013-01-01,"7,607836205761832"
Sergipe,Indústria,Indústrias de transformação,2013-01-01,"6,9367787182595935"
Sergipe,Indústria,"Eletricidade e gás, água, esgoto, atividades de gestão de resíduos e descontaminação",2013-01-01,"2,734317110849835"
Sergipe,Indústria,Construção,2013-01-01,"8,27258455151332"
Sergipe,Serviços,Comércio e reparação de veículos automotores e motocicletas,2013-01-01,"12,383712784582025"
Sergipe,Serviços,"Transporte, armazenagem e correio",2013-01-01,"3,232124743255618"
Sergipe,Serviços,Alojamento e alimentação,2013-01-01,"2,2422601613111346"
Sergipe,Serviços,Informação e comunicação,2013-01-01,"1,0455335860231698"
Sergipe,Serviços,"Atividades financeiras, de seguros e serviços relacionados",2013-01-01,"2,5065290830108893"
Sergipe,Serviços,Atividades imobiliárias,2013-01-01,"8,865816252130898"
Sergipe,Serviços,"Atividades profissionais, científicas e técnicas, administrativas e serviços complementares",2013-01-01,"5,1564632912749575"
Sergipe,Serviços,"Administração, defesa, educação e saúde públicas e seguridade social",2013-01-01,"25,962912502007008"
Sergipe,Serviços,Educação e saúde privadas,2013-01-01,"4,975194142448269"
Sergipe,Serviços,"Artes, cultura, esporte e recreação e outras atividades de serviços",2013-01-01,"1,163938849070534"
Sergipe,Serviços,Serviços domésticos,2013-01-01,"1,2276363248571205"
Sergipe,Agropecuária,"Agricultura, inclusive apoio à agricultura e a pós-colheita",2014-01-01,"3,737978615532527"
Sergipe,Agropecuária,"Pecuária, inclusive apoio à Pecuária",2014-01-01,"1,2950421200927122"
Sergipe,Agropecuária,"Produção florestal, pesca e aquicultura",2014-01-01,"0,20037547821038212"
Sergipe,Indústria,Indústrias extrativas,2014-01-01,"7,121891468735919"
Sergipe,Indústria,Indústrias de transformação,2014-01-01,"6,773858914360237"
Sergipe,Indústria,"Eletricidade e gás, água, esgoto, atividades de gestão de resíduos e descontaminação",2014-01-01,"3,3259595461029203"
Sergipe,Indústria,Construção,2014-01-01,"7,426732932755682"
Sergipe,Serviços,Comércio e reparação de veículos automotores e motocicletas,2014-01-01,"11,889127066528602"
Sergipe,Serviços,"Transporte, armazenagem e correio",2014-01-01,"2,891915178394803"
Sergipe,Serviços,Alojamento e alimentação,2014-01-01,"2,350424001574964"
Sergipe,Serviços,Informação e comunicação,2014-01-01,"1,5184416798444396"
Sergipe,Serviços,"Atividades financeiras, de seguros e serviços relacionados",2014-01-01,"3,040451200598143"
Sergipe,Serviços,Atividades imobiliárias,2014-01-01,"8,242360407246203"
Sergipe,Serviços,"Atividades profissionais, científicas e técnicas, administrativas e serviços complementares",2014-01-01,"5,71939605037991"
Sergipe,Serviços,"Administração, defesa, educação e saúde públicas e seguridade social",2014-01-01,"26,91930412825489"
Sergipe,Serviços,Educação e saúde privadas,2014-01-01,"5,106781951917097"
Sergipe,Serviços,"Artes, cultura, esporte e recreação e outras atividades de serviços",2014-01-01,"1,2793765889371236"
Sergipe,Serviços,Serviços domésticos,2014-01-01,"1,1605826705334559"
Sergipe,Agropecuária,"Agricultura, inclusive apoio à agricultura e a pós-colheita",2015-01-01,"3,573282551106743"
Sergipe,Agropecuária,"Pecuária, inclusive apoio à Pecuária",2015-01-01,"1,3306029360941494"
Sergipe,Agropecuária,"Produção florestal, pesca e aquicultura",2015-01-01,"0,11671851397204251"
Sergipe,Indústria,Indústrias extrativas,2015-01-01,"3,136989225731996"
Sergipe,Indústria,Indústrias de transformação,2015-01-01,"7,326593271557402"
Sergipe,Indústria,"Eletricidade e gás, água, esgoto, atividades de gestão de resíduos e descontaminação",2015-01-01,"4,737055420180142"
Sergipe,Indústria,Construção,2015-01-01,"7,545000241500785"
Sergipe,Serviços,Comércio e reparação de veículos automotores e motocicletas,2015-01-01,"11,737434864544946"
Sergipe,Serviços,"Transporte, armazenagem e correio",2015-01-01,"2,741455464544606"
Sergipe,Serviços,Alojamento e alimentação,2015-01-01,"2,608872785565578"
Sergipe,Serviços,Informação e comunicação,2015-01-01,"1,4972441144094428"
Sergipe,Serviços,"Atividades financeiras, de seguros e serviços relacionados",2015-01-01,"3,5119561873571383"
Sergipe,Serviços,Atividades imobiliárias,2015-01-01,"8,779765641250476"
Sergipe,Serviços,"Atividades profissionais, científicas e técnicas, administrativas e serviços complementares",2015-01-01,"5,549623975801685"
Sergipe,Serviços,"Administração, defesa, educação e saúde públicas e seguridade social",2015-01-01,"27,75709951444039"
Sergipe,Serviços,Educação e saúde privadas,2015-01-01,"5,263696305640968"
Sergipe,Serviços,"Artes, cultura, esporte e recreação e outras atividades de serviços",2015-01-01,"1,4372071055569346"
Sergipe,Serviços,Serviços domésticos,2015-01-01,"1,3494018807445696"
Sergipe,Agropecuária,"Agricultura, inclusive apoio à agricultura e a pós-colheita",2016-01-01,"3,4987816280758643"
Sergipe,Agropecuária,"Pecuária, inclusive apoio à Pecuária",2016-01-01,"1,363165649694435"
Sergipe,Agropecuária,"Produção florestal, pesca e aquicultura",2016-01-01,"0,1023561435260745"
Sergipe,Indústria,Indústrias extrativas,2016-01-01,"0,9379323327785349"
Sergipe,Indústria,Indústrias de transformação,2016-01-01,"6,092568461295362"
Sergipe,Indústria,"Eletricidade e gás, água, esgoto, atividades de gestão de resíduos e descontaminação",2016-01-01,"5,203533612502146"
Sergipe,Indústria,Construção,2016-01-01,"7,834153212188362"
Sergipe,Serviços,Comércio e reparação de veículos automotores e motocicletas,2016-01-01,"13,010135769533226"
Sergipe,Serviços,"Transporte, armazenagem e correio",2016-01-01,"2,86583204618469"
Sergipe,Serviços,Alojamento e alimentação,2016-01-01,"2,8045063586910697"
Sergipe,Serviços,Informação e comunicação,2016-01-01,"1,5199850554407353"
Sergipe,Serviços,"Atividades financeiras, de seguros e serviços relacionados",2016-01-01,"4,189767169062763"
Sergipe,Serviços,Atividades imobiliárias,2016-01-01,"9,745459324626438"
Sergipe,Serviços,"Atividades profissionais, científicas e técnicas, administrativas e serviços complementares",2016-01-01,"5,704287975543692"
Sergipe,Serviços,"Administração, defesa, educação e saúde públicas e seguridade social",2016-01-01,"28,385282002961194"
Sergipe,Serviços,Educação e saúde privadas,2016-01-01,"3,888469148112928"
Sergipe,Serviços,"Artes, cultura, esporte e recreação e outras atividades de serviços",2016-01-01,"1,4500575820623598"
Sergipe,Serviços,Serviços domésticos,2016-01-01,"1,4037265277201239"
Sergipe,Agropecuária,"Agricultura, inclusive apoio à agricultura e a pós-colheita",2017-01-01,"3,9704199727165723"
Sergipe,Agropecuária,"Pecuária, inclusive apoio à Pecuária",2017-01-01,"1,2813997589142387"
Sergipe,Agropecuária,"Produção florestal, pesca e aquicultura",2017-01-01,"0,14840179022329028"
Sergipe,Indústria,Indústrias extrativas,2017-01-01,"1,157204304284664"
Sergipe,Indústria,Indústrias de transformação,2017-01-01,"6,101349335615218"
Sergipe,Indústria,"Eletricidade e gás, água, esgoto, atividades de gestão de resíduos e descontaminação",2017-01-01,"5,548149593313925"
Sergipe,Indústria,Construção,2017-01-01,"6,330738625538543"
Sergipe,Serviços,Comércio e reparação de veículos automotores e motocicletas,2017-01-01,"11,707068949452195"
Sergipe,Serviços,"Transporte, armazenagem e correio",2017-01-01,"3,2118561052795083"
Sergipe,Serviços,Alojamento e alimentação,2017-01-01,"3,1898821275969658"
Sergipe,Serviços,Informação e comunicação,2017-01-01,"1,5477838989679953"
Sergipe,Serviços,"Atividades financeiras, de seguros e serviços relacionados",2017-01-01,"4,54979178911025"
Sergipe,Serviços,Atividades imobiliárias,2017-01-01,"9,735270762111199"
Sergipe,Serviços,"Atividades profissionais, científicas e técnicas, administrativas e serviços complementares",2017-01-01,"5,554482545735736"
Sergipe,Serviços,"Administração, defesa, educação e saúde públicas e seguridade social",2017-01-01,"28,872980888593563"
Sergipe,Serviços,Educação e saúde privadas,2017-01-01,"4,063791033291402"
Sergipe,Serviços,"Artes, cultura, esporte e recreação e outras atividades de serviços",2017-01-01,"1,4958223886565696"
Sergipe,Serviços,Serviços domésticos,2017-01-01,"1,5336061305981776"
Sergipe,Agropecuária,"Agricultura, inclusive apoio à agricultura e a pós-colheita",2018-01-01,"2,6025002279952476"
Sergipe,Agropecuária,"Pecuária, inclusive apoio à Pecuária",2018-01-01,"1,063645172100253"
Sergipe,Agropecuária,"Produção florestal, pesca e aquicultura",2018-01-01,"0,14345620682296945"
Sergipe,Indústria,Indústrias extrativas,2018-01-01,"2,0758877300014276"
Sergipe,Indústria,Indústrias de transformação,2018-01-01,"5,663294383826394"
Sergipe,Indústria,"Eletricidade e gás, água, esgoto, atividades de gestão de resíduos e descontaminação",2018-01-01,"7,325729948993267"
Sergipe,Indústria,Construção,2018-01-01,"4,938976871560196"
Sergipe,Serviços,Comércio e reparação de veículos automotores e motocicletas,2018-01-01,"12,283437187936439"
Sergipe,Serviços,"Transporte, armazenagem e correio",2018-01-01,"2,9133148345894364"
Sergipe,Serviços,Alojamento e alimentação,2018-01-01,"3,25161516041517"
Sergipe,Serviços,Informação e comunicação,2018-01-01,"1,4942838969294778"
Sergipe,Serviços,"Atividades financeiras, de seguros e serviços relacionados",2018-01-01,"4,5556932437452256"
Sergipe,Serviços,Atividades imobiliárias,2018-01-01,"10,183544151528945"
Sergipe,Serviços,"Atividades profissionais, científicas e técnicas, administrativas e serviços complementares",2018-01-01,"5,395068293517235"
Sergipe,Serviços,"Administração, defesa, educação e saúde públicas e seguridade social",2018-01-01,"29,06315170049946"
Sergipe,Serviços,Educação e saúde privadas,2018-01-01,"4,0072090692370175"
Sergipe,Serviços,"Artes, cultura, esporte e recreação e outras atividades de serviços",2018-01-01,"1,5760489841845693"
Sergipe,Serviços,Serviços domésticos,2018-01-01,"1,463142936117271"
Sergipe,Agropecuária,"Agricultura, inclusive apoio à agricultura e a pós-colheita",2019-01-01,"3,8365712206651907"
Sergipe,Agropecuária,"Pecuária, inclusive apoio à Pecuária",2019-01-01,"1,1159515328391518"
Sergipe,Agropecuária,"Produção florestal, pesca e aquicultura",2019-01-01,"0,15804203140360254"
Sergipe,Indústria,Indústrias extrativas,2019-01-01,"1,6961362691016206"
Sergipe,Indústria,Indústrias de transformação,2019-01-01,"5,783816936208598"
Sergipe,Indústria,"Eletricidade e gás, água, esgoto, atividades de gestão de resíduos e descontaminação",2019-01-01,"8,385288950813754"
Sergipe,Indústria,Construção,2019-01-01,"3,8562167638934843"
Sergipe,Serviços,Comércio e reparação de veículos automotores e motocicletas,2019-01-01,"11,1352296906768"
Sergipe,Serviços,"Transporte, armazenagem e correio",2019-01-01,"2,7232238485325952"
Sergipe,Serviços,Alojamento e alimentação,2019-01-01,"3,1526481497115397"
Sergipe,Serviços,Informação e comunicação,2019-01-01,"1,373629226547044"
Sergipe,Serviços,"Atividades financeiras, de seguros e serviços relacionados",2019-01-01,"4,648039602383902"
Sergipe,Serviços,Atividades imobiliárias,2019-01-01,"9,590009063205974"
Sergipe,Serviços,"Atividades profissionais, científicas e técnicas, administrativas e serviços complementares",2019-01-01,"5,457026490566471"
Sergipe,Serviços,"Administração, defesa, educação e saúde públicas e seguridade social",2019-01-01,"29,668770827612878"
Sergipe,Serviços,Educação e saúde privadas,2019-01-01,"4,314315395562466"
Sergipe,Serviços,"Artes, cultura, esporte e recreação e outras atividades de serviços",2019-01-01,"1,5801762805498547"
Sergipe,Serviços,Serviços domésticos,2019-01-01,"1,5249077197250598"
Sergipe,Agropecuária,"Agricultura, inclusive apoio à agricultura e a pós-colheita",2020-01-01,"4,815974690117882"
Sergipe,Agropecuária,"Pecuária, inclusive apoio à Pecuária",2020-01-01,"1,3868596025858082"
Sergipe,Agropecuária,"Produção florestal, pesca e aquicultura",2020-01-01,"0,14636978053495314"
Sergipe,Indústria,Indústrias extrativas,2020-01-01,"1,0769313308593285"
Sergipe,Indústria,Indústrias de transformação,2020-01-01,"6,0190979747136915"
Sergipe,Indústria,"Eletricidade e gás, água, esgoto, atividades de gestão de resíduos e descontaminação",2020-01-01,"10,765985247929377"
Sergipe,Indústria,Construção,2020-01-01,"4,027147926206627"
Sergipe,Serviços,Comércio e reparação de veículos automotores e motocicletas,2020-01-01,"11,29892552595872"
Sergipe,Serviços,"Transporte, armazenagem e correio",2020-01-01,"2,3397701051520907"
Sergipe,Serviços,Alojamento e alimentação,2020-01-01,"2,1559255987164567"
Sergipe,Serviços,Informação e comunicação,2020-01-01,"1,2789714299474146"
Sergipe,Serviços,"Atividades financeiras, de seguros e serviços relacionados",2020-01-01,"4,308433060506281"
Sergipe,Serviços,Atividades imobiliárias,2020-01-01,"9,16577252161942"
Sergipe,Serviços,"Atividades profissionais, científicas e técnicas, administrativas e serviços complementares",2020-01-01,"5,564448598067873"
Sergipe,Serviços,"Administração, defesa, educação e saúde públicas e seguridade social",2020-01-01,"29,58493825912084"
Sergipe,Serviços,Educação e saúde privadas,2020-01-01,"3,6223863742058904"
Sergipe,Serviços,"Artes, cultura, esporte e recreação e outras atividades de serviços",2020-01-01,"1,3560209561716705"
Sergipe,Serviços,Serviços domésticos,2020-01-01,"1,0860410175856758"
